Timestamp,Price,Size,Flag
11/05/2021 13:12:31,151.42,10,
11/05/2021 13:12:31,151.42,10,
11/05/2021 13:13:45,151.45,1,
11/05/2021 13:14:16,151.49,1,
11/05/2021 13:14:47,151.47,3,
11/05/2021 13:14:47,151.47,47,
11/05/2021 13:14:59,151.52,2,
11/05/2021 13:15:45,151.54,2,
11/05/2021 13:15:59,151.55,50,
11/05/2021 13:16:26,151.57,40,
11/05/2021 13:16:33,151.53,1,
11/05/2021 13:17:09,151.5,6,
11/05/2021 13:17:09,151.5,36,
11/05/2021 13:17:09,151.5,71,
11/05/2021 13:18:29,151.49,10,
11/05/2021 13:18:59,151.49,50,
11/05/2021 13:18:59,151.49,50,
11/05/2021 13:18:59,151.48,2,
11/05/2021 13:19:08,151.47,2,
11/05/2021 13:20:00,151.52,2,
11/05/2021 13:20:32,151.52,6,
11/05/2021 13:21:02,151.52,10,
11/05/2021 13:21:40,151.53,300,
11/05/2021 13:21:55,151.57,1,
11/05/2021 13:21:55,151.58,84,
11/05/2021 13:21:56,151.6,100,
11/05/2021 13:22:09,151.67,50,
11/05/2021 13:22:21,151.65,50,
11/05/2021 13:22:22,151.66,50,
11/05/2021 13:22:23,151.66,10,
11/05/2021 13:22:23,151.66,10,
11/05/2021 13:22:26,151.67,1,
11/05/2021 13:22:53,151.64,3,
11/05/2021 13:22:57,151.69,1,
11/05/2021 13:23:01,151.68,1,
11/05/2021 13:23:04,151.65,2,
11/05/2021 13:23:11,151.64,1,
11/05/2021 13:23:19,151.66,20,
11/05/2021 13:24:36,151.68,10,
11/05/2021 13:24:46,151.66,45,
11/05/2021 13:25:00,151.63,1,
11/05/2021 13:25:00,151.62,1,
11/05/2021 13:25:00,151.58,2,
11/05/2021 13:25:00,151.59,3,
11/05/2021 13:25:00,151.58,3,
11/05/2021 13:25:00,151.58,92,
11/05/2021 13:25:00,151.58,15,
11/05/2021 13:25:00,151.57,85,
11/05/2021 13:25:16,151.58,1,
11/05/2021 13:25:48,151.53,20,
11/05/2021 13:26:15,151.52,1,
11/05/2021 13:26:15,151.51,3,
11/05/2021 13:26:15,151.5,20,
11/05/2021 13:26:15,151.49,1,
11/05/2021 13:26:15,151.48,2,
11/05/2021 13:26:32,151.52,4,
11/05/2021 13:26:40,151.55,10,
11/05/2021 13:27:20,151.5,10,
11/05/2021 13:27:20,151.51,50,
11/05/2021 13:27:36,151.58,10,
11/05/2021 13:27:36,151.68,10,
11/05/2021 13:27:40,151.7,1,
11/05/2021 13:27:40,151.75,50,
11/05/2021 13:27:40,151.78,401,
11/05/2021 13:27:40,151.79,1,
11/05/2021 13:27:40,151.8,2,
11/05/2021 13:27:40,151.8,20,
11/05/2021 13:27:40,151.84,8,
11/05/2021 13:27:40,151.8,25,
11/05/2021 13:27:40,151.83,5,
11/05/2021 13:27:40,151.84,86,
11/05/2021 13:27:40,151.83,10,
11/05/2021 13:27:40,151.83,10,
11/05/2021 13:27:40,151.85,100,
11/05/2021 13:27:40,151.84,2,
11/05/2021 13:27:40,151.86,1,
11/05/2021 13:27:40,151.86,224,
11/05/2021 13:27:40,151.82,5,
11/05/2021 13:27:50,151.78,100,
11/05/2021 13:27:50,151.83,75,
11/05/2021 13:27:50,151.83,45,
11/05/2021 13:27:51,151.83,4,
11/05/2021 13:28:00,151.87,10,
11/05/2021 13:29:05,151.83,2,
11/05/2021 13:29:05,151.8,15,
11/05/2021 13:29:05,151.8,15,
11/05/2021 13:29:05,151.81,45,
11/05/2021 13:29:23,151.9,1,
11/05/2021 13:29:36,151.9,1,
11/05/2021 13:29:54,151.85,14,
11/05/2021 13:30:00,151.855,1,
11/05/2021 13:30:00,151.82,55,
11/05/2021 13:30:00,151.86,100,
11/05/2021 13:30:00,151.82,4,
11/05/2021 13:30:00,151.9,2,
11/05/2021 13:30:00,151.93,100,
11/05/2021 13:30:00,151.95,26,
11/05/2021 13:30:00,151.88,15,
11/05/2021 13:30:00,151.88,10,
11/05/2021 13:30:00,151.91,3,
11/05/2021 13:30:00,151.88,31,
11/05/2021 13:30:00,151.9,50,
11/05/2021 13:30:00,151.9,100,
11/05/2021 13:30:00,151.87,100,
11/05/2021 13:30:00,151.89,1,
11/05/2021 13:30:00,151.89,50,
11/05/2021 13:30:00,151.87,15,
11/05/2021 13:30:00,151.87,10,
11/05/2021 13:30:00,151.86,100,
11/05/2021 13:30:00,151.87,1,
11/05/2021 13:30:00,151.87,100,
11/05/2021 13:30:00,151.86,50,
11/05/2021 13:30:00,151.86,49,
11/05/2021 13:30:00,151.86,1,
11/05/2021 13:30:00,151.86,3,
11/05/2021 13:30:00,151.86,51,
11/05/2021 13:30:00,151.85,7,
11/05/2021 13:30:00,151.91,24,
11/05/2021 13:30:00,151.91,24,
11/05/2021 13:30:00,151.93,3,
11/05/2021 13:30:00,151.96,15,
11/05/2021 13:30:00,151.9,10,
11/05/2021 13:30:01,151.96,100,
11/05/2021 13:30:01,151.95,13,
11/05/2021 13:30:01,151.95,13,
11/05/2021 13:30:01,151.95,35,
11/05/2021 13:30:01,151.9,15,
11/05/2021 13:30:01,151.91,100,
11/05/2021 13:30:01,151.91,20,
11/05/2021 13:30:01,151.96,65,
11/05/2021 13:30:01,151.95,172,
11/05/2021 13:30:01,151.96,15,
11/05/2021 13:30:01,151.97,3,
11/05/2021 13:30:02,151.89,42,
11/05/2021 13:30:02,151.89,58,
11/05/2021 13:30:02,151.86,24,
11/05/2021 13:30:02,151.88,100,
11/05/2021 13:30:02,151.88,2,
11/05/2021 13:30:02,151.88,94,
11/05/2021 13:30:02,151.86,5,
11/05/2021 13:30:02,151.86,37,
11/05/2021 13:30:02,151.86,7,
11/05/2021 13:30:02,151.86,297,
11/05/2021 13:30:02,151.86,154,
11/05/2021 13:30:02,151.85,24,
11/05/2021 13:30:02,151.85,100,
11/05/2021 13:30:02,151.85,100,
11/05/2021 13:30:02,151.84,100,
11/05/2021 13:30:03,151.83,100,
11/05/2021 13:30:03,151.86,10,
11/05/2021 13:30:03,151.86,10,
11/05/2021 13:30:03,151.86,10,
11/05/2021 13:30:03,151.83,400,
11/05/2021 13:30:03,151.82,15,
11/05/2021 13:30:03,151.83,4,
11/05/2021 13:30:03,151.82,100,
11/05/2021 13:30:03,151.82,134,
11/05/2021 13:30:03,151.82,100,
11/05/2021 13:30:03,151.82,166,
11/05/2021 13:30:03,151.82,6,
11/05/2021 13:30:03,151.82,200,
11/05/2021 13:30:03,151.82,18,
11/05/2021 13:30:03,151.86,15,
11/05/2021 13:30:03,151.85,71,
11/05/2021 13:30:03,151.85,85,
11/05/2021 13:30:03,151.85,15,
11/05/2021 13:30:03,151.85,85,
11/05/2021 13:30:03,151.86,100,
11/05/2021 13:30:03,151.87,100,
11/05/2021 13:30:03,151.86,100,
11/05/2021 13:30:03,151.86,100,
11/05/2021 13:30:03,151.86,100,
11/05/2021 13:30:03,151.86,100,
11/05/2021 13:30:03,151.88,100,
11/05/2021 13:30:03,151.88,100,
11/05/2021 13:30:03,151.885,30,
11/05/2021 13:30:03,151.89,70,
11/05/2021 13:30:03,151.89,30,
11/05/2021 13:30:03,151.9,100,
11/05/2021 13:30:03,151.9,200,
11/05/2021 13:30:03,151.91,100,
11/05/2021 13:30:03,151.91,100,
11/05/2021 13:30:03,151.91,100,
11/05/2021 13:30:03,151.9,20,
11/05/2021 13:30:03,151.9,20,
11/05/2021 13:30:03,151.9,77,
11/05/2021 13:30:03,151.86,22,
11/05/2021 13:30:03,151.86,74,
11/05/2021 13:30:04,151.88,1,
11/05/2021 13:30:04,151.88,100,
11/05/2021 13:30:04,151.86,100,
11/05/2021 13:30:04,151.86,200,
11/05/2021 13:30:04,151.86,73,
11/05/2021 13:30:04,151.86,27,
11/05/2021 13:30:04,151.87,2,
11/05/2021 13:30:04,151.88,98,
11/05/2021 13:30:04,151.88,2,
11/05/2021 13:30:04,151.88,15,
11/05/2021 13:30:04,151.88,100,
11/05/2021 13:30:04,151.86,24,
11/05/2021 13:30:04,151.87,100,
11/05/2021 13:30:04,151.87,100,
11/05/2021 13:30:04,151.88,23,
11/05/2021 13:30:04,151.88,2,
11/05/2021 13:30:04,151.87,23,
11/05/2021 13:30:04,151.87,136,
11/05/2021 13:30:04,151.87,250,
11/05/2021 13:30:04,151.87,29,
11/05/2021 13:30:04,151.86,2,
11/05/2021 13:30:04,151.87,100,
11/05/2021 13:30:04,151.86,23,
11/05/2021 13:30:04,151.87,73,
11/05/2021 13:30:04,151.87,24,
11/05/2021 13:30:04,151.86,100,
11/05/2021 13:30:04,151.86,81,
11/05/2021 13:30:04,151.84,22,
11/05/2021 13:30:04,151.83,100,
11/05/2021 13:30:04,151.83,100,
11/05/2021 13:30:04,151.85,2,
11/05/2021 13:30:04,151.85,1,
11/05/2021 13:30:04,151.84,10,
11/05/2021 13:30:04,151.84,2,
11/05/2021 13:30:04,151.82,2,
11/05/2021 13:30:04,151.82,15,
11/05/2021 13:30:04,151.82,1,
11/05/2021 13:30:04,151.82,47,
11/05/2021 13:30:04,151.83,100,
11/05/2021 13:30:04,151.83,2,
11/05/2021 13:30:04,151.84,67,
11/05/2021 13:30:04,151.83,100,
11/05/2021 13:30:04,151.83,34,
11/05/2021 13:30:04,151.85,100,
11/05/2021 13:30:04,151.85,151,
11/05/2021 13:30:04,151.85,100,
11/05/2021 13:30:04,151.85,34,
11/05/2021 13:30:04,151.83,100,
11/05/2021 13:30:04,151.83,100,
11/05/2021 13:30:04,151.83,100,
11/05/2021 13:30:05,151.82,35,
11/05/2021 13:30:05,151.82,65,
11/05/2021 13:30:05,151.86,100,
11/05/2021 13:30:05,151.86,10,
11/05/2021 13:30:05,151.86,67,
11/05/2021 13:30:05,151.84,4,
11/05/2021 13:30:05,151.85,23,
11/05/2021 13:30:05,151.84,1,
11/05/2021 13:30:05,151.84,16,
11/05/2021 13:30:05,151.84,23,
11/05/2021 13:30:05,151.84,23,
11/05/2021 13:30:05,151.81,900,
11/05/2021 13:30:05,151.81,100,
11/05/2021 13:30:05,151.81,100,
11/05/2021 13:30:05,151.81,100,
11/05/2021 13:30:05,151.81,100,
11/05/2021 13:30:05,151.81,100,
11/05/2021 13:30:05,151.8,100,
11/05/2021 13:30:05,151.8,24,
11/05/2021 13:30:05,151.83,100,
11/05/2021 13:30:05,151.83,31,
11/05/2021 13:30:06,151.84,31,
11/05/2021 13:30:06,151.86,100,
11/05/2021 13:30:06,151.86,100,
11/05/2021 13:30:06,151.87,100,
11/05/2021 13:30:06,151.87,100,
11/05/2021 13:30:06,151.86,10,
11/05/2021 13:30:06,151.85,275,
11/05/2021 13:30:06,151.85,5,
11/05/2021 13:30:06,151.85,100,
11/05/2021 13:30:06,151.86,10,
11/05/2021 13:30:07,151.86,50,
11/05/2021 13:30:07,151.86,15,
11/05/2021 13:30:07,151.86,2,
11/05/2021 13:30:08,151.81,100,
11/05/2021 13:30:08,151.77,2,
11/05/2021 13:30:08,151.75,2,
11/05/2021 13:30:08,151.74,98,
11/05/2021 13:30:08,151.75,2,
11/05/2021 13:30:08,151.81,85,
11/05/2021 13:30:09,151.81,115,
11/05/2021 13:30:09,151.81,100,
11/05/2021 13:30:09,151.79,100,
11/05/2021 13:30:09,151.79,23,
11/05/2021 13:30:09,151.79,62,
11/05/2021 13:30:09,151.8,100,
11/05/2021 13:30:09,151.8,100,
11/05/2021 13:30:09,151.8,2,
11/05/2021 13:30:09,151.79,1,
11/05/2021 13:30:09,151.79,1,
11/05/2021 13:30:09,151.79,2,
11/05/2021 13:30:09,151.79,2,
11/05/2021 13:30:09,151.79,1,
11/05/2021 13:30:09,151.79,4,
11/05/2021 13:30:09,151.78,100,
11/05/2021 13:30:09,151.73,900,
11/05/2021 13:30:09,151.73,100,
11/05/2021 13:30:09,151.79,50,
11/05/2021 13:30:09,151.75,5,
11/05/2021 13:30:10,151.75,2,
11/05/2021 13:30:10,151.74,3,
11/05/2021 13:30:10,151.78,1,
11/05/2021 13:30:10,151.77,1,
11/05/2021 13:30:11,151.83,100,
11/05/2021 13:30:11,151.81,76,
11/05/2021 13:30:11,151.81,24,
11/05/2021 13:30:11,151.81,16,
11/05/2021 13:30:11,151.82,2,
11/05/2021 13:30:11,151.88,100,
11/05/2021 13:30:11,151.89,2,
11/05/2021 13:30:11,151.87,76,
11/05/2021 13:30:11,151.87,100,
11/05/2021 13:30:11,151.86,2,
11/05/2021 13:30:11,151.85,1,
11/05/2021 13:30:11,151.85,99,
11/05/2021 13:30:11,151.81,62,
11/05/2021 13:30:11,151.79,100,
11/05/2021 13:30:11,151.8,2,
11/05/2021 13:30:11,151.85,50,
11/05/2021 13:30:11,151.88,100,
11/05/2021 13:30:11,151.89,100,
11/05/2021 13:30:11,151.88,36,
11/05/2021 13:30:11,151.89,100,
11/05/2021 13:30:11,151.91,100,
11/05/2021 13:30:11,151.91,200,
11/05/2021 13:30:11,151.93,2,
11/05/2021 13:30:11,151.92,76,
11/05/2021 13:30:12,151.91,2,
11/05/2021 13:30:12,151.91,98,
11/05/2021 13:30:12,151.89,2,
11/05/2021 13:30:12,151.91,2,
11/05/2021 13:30:12,151.92,98,
11/05/2021 13:30:12,151.92,100,
11/05/2021 13:30:12,151.92,2,
11/05/2021 13:30:12,151.93,100,
11/05/2021 13:30:12,151.92,10,
11/05/2021 13:30:12,151.94,2,
11/05/2021 13:30:12,151.93,21,
11/05/2021 13:30:12,151.94,76,
11/05/2021 13:30:12,151.93,23,
11/05/2021 13:30:13,151.92,1,
11/05/2021 13:30:13,151.94,2,
11/05/2021 13:30:13,151.96,100,
11/05/2021 13:30:13,151.96,100,
11/05/2021 13:30:13,151.93,1,
11/05/2021 13:30:13,151.93,1,
11/05/2021 13:30:13,151.96,1,
11/05/2021 13:30:13,151.97,99,
11/05/2021 13:30:13,151.93,1,
11/05/2021 13:30:13,151.97,1,
11/05/2021 13:30:13,151.97,299,
11/05/2021 13:30:13,151.96,1,
11/05/2021 13:30:13,151.94,1,
11/05/2021 13:30:13,151.93,1,
11/05/2021 13:30:13,151.91,1,
11/05/2021 13:30:13,151.91,1,
11/05/2021 13:30:14,151.91,76,
11/05/2021 13:30:14,151.91,100,
11/05/2021 13:30:14,151.89,100,
11/05/2021 13:30:14,151.88,100,
11/05/2021 13:30:14,151.87,100,
11/05/2021 13:30:14,151.86,79,
11/05/2021 13:30:14,151.86,21,
11/05/2021 13:30:14,151.83,100,
11/05/2021 13:30:14,151.83,100,
11/05/2021 13:30:14,151.81,50,
11/05/2021 13:30:15,151.81,100,
11/05/2021 13:30:15,151.79,1,
11/05/2021 13:30:15,151.78,100,
11/05/2021 13:30:15,151.71,54,
11/05/2021 13:30:15,151.76,100,
11/05/2021 13:30:15,151.75,100,
11/05/2021 13:30:15,151.82,100,
11/05/2021 13:30:16,151.79,50,
11/05/2021 13:30:16,151.79,50,
11/05/2021 13:30:16,151.78,100,
11/05/2021 13:30:16,151.77,100,
11/05/2021 13:30:16,151.77,24,
11/05/2021 13:30:16,151.77,100,
11/05/2021 13:30:16,151.77,100,
11/05/2021 13:30:16,151.75,100,
11/05/2021 13:30:16,151.75,100,
11/05/2021 13:30:16,151.75,2,
11/05/2021 13:30:17,151.8,100,
11/05/2021 13:30:17,151.8,28,
11/05/2021 13:30:17,151.86,455,
11/05/2021 13:30:17,151.83,100,
11/05/2021 13:30:18,151.83,100,
11/05/2021 13:30:18,151.82,100,
11/05/2021 13:30:18,151.8,100,
11/05/2021 13:30:18,151.84,100,
11/05/2021 13:30:19,151.82,100,
11/05/2021 13:30:19,151.82,100,
11/05/2021 13:30:19,151.81,300,
11/05/2021 13:30:19,151.81,1,
11/05/2021 13:30:19,151.77,100,
11/05/2021 13:30:20,151.77,100,
11/05/2021 13:30:20,151.74,100,
11/05/2021 13:30:20,151.74,24,
11/05/2021 13:30:20,151.74,100,
11/05/2021 13:30:20,151.745,100,
11/05/2021 13:30:20,151.72,100,
11/05/2021 13:30:20,151.7,100,
11/05/2021 13:30:20,151.69,2,
11/05/2021 13:30:20,151.69,100,
11/05/2021 13:30:20,151.69,100,
11/05/2021 13:30:20,151.69,21,
11/05/2021 13:30:20,151.695,79,
11/05/2021 13:30:20,151.7,21,
11/05/2021 13:30:20,151.7,100,
11/05/2021 13:30:20,151.7,132,
11/05/2021 13:30:20,151.7,100,
11/05/2021 13:30:20,151.7,100,
11/05/2021 13:30:20,151.71,2,
11/05/2021 13:30:20,151.72,2,
11/05/2021 13:30:20,151.71,98,
11/05/2021 13:30:20,151.71,100,
11/05/2021 13:30:20,151.7,100,
11/05/2021 13:30:20,151.71,100,
11/05/2021 13:30:20,151.71,2,
11/05/2021 13:30:20,151.72,100,
11/05/2021 13:30:20,151.72,34,
11/05/2021 13:30:20,151.73,89,
11/05/2021 13:30:20,151.72,100,
11/05/2021 13:30:20,151.72,2,
11/05/2021 13:30:20,151.71,98,
11/05/2021 13:30:20,151.71,4,
11/05/2021 13:30:20,151.7,100,
11/05/2021 13:30:20,151.7,100,
11/05/2021 13:30:20,151.7,100,
11/05/2021 13:30:20,151.69,100,
11/05/2021 13:30:20,151.68,900,
11/05/2021 13:30:20,151.68,4,
11/05/2021 13:30:20,151.68,100,
11/05/2021 13:30:20,151.68,100,
11/05/2021 13:30:20,151.68,296,
11/05/2021 13:30:20,151.71,77,
11/05/2021 13:30:20,151.7,100,
11/05/2021 13:30:20,151.7,44,
11/05/2021 13:30:21,151.65,87,
11/05/2021 13:30:21,151.63,100,
11/05/2021 13:30:21,151.62,100,
11/05/2021 13:30:22,151.66,2,
11/05/2021 13:30:22,151.66,98,
11/05/2021 13:30:22,151.69,2,
11/05/2021 13:30:22,151.68,98,
11/05/2021 13:30:22,151.69,21,
11/05/2021 13:30:22,151.69,24,
11/05/2021 13:30:23,151.66,100,
11/05/2021 13:30:23,151.69,100,
11/05/2021 13:30:23,151.7,100,
11/05/2021 13:30:23,151.69,800,
11/05/2021 13:30:23,151.71,100,
11/05/2021 13:30:23,151.72,100,
11/05/2021 13:30:23,151.72,100,
11/05/2021 13:30:23,151.73,800,
11/05/2021 13:30:23,151.71,100,
11/05/2021 13:30:24,151.7,100,
11/05/2021 13:30:24,151.73,100,
11/05/2021 13:30:24,151.73,100,
11/05/2021 13:30:24,151.72,25,
11/05/2021 13:30:24,151.73,100,
11/05/2021 13:30:24,151.74,100,
11/05/2021 13:30:24,151.74,100,
11/05/2021 13:30:24,151.76,400,
11/05/2021 13:30:24,151.76,100,
11/05/2021 13:30:24,151.75,12,
11/05/2021 13:30:24,151.75,88,
11/05/2021 13:30:24,151.75,100,
11/05/2021 13:30:24,151.76,100,
11/05/2021 13:30:24,151.76,25,
11/05/2021 13:30:25,151.77,100,
11/05/2021 13:30:25,151.76,100,
11/05/2021 13:30:25,151.76,43,
11/05/2021 13:30:25,151.75,100,
11/05/2021 13:30:25,151.74,100,
11/05/2021 13:30:25,151.74,100,
11/05/2021 13:30:25,151.74,3,
11/05/2021 13:30:25,151.74,97,
11/05/2021 13:30:25,151.73,57,
11/05/2021 13:30:25,151.73,43,
11/05/2021 13:30:25,151.72,75,
11/05/2021 13:30:25,151.71,6,
11/05/2021 13:30:25,151.71,94,
11/05/2021 13:30:25,151.71,100,
11/05/2021 13:30:25,151.68,100,
11/05/2021 13:30:25,151.67,100,
11/05/2021 13:30:26,151.71,100,
11/05/2021 13:30:26,151.72,98,
11/05/2021 13:30:26,151.7,100,
11/05/2021 13:30:26,151.69,100,
11/05/2021 13:30:26,151.68,100,
11/05/2021 13:30:26,151.67,100,
11/05/2021 13:30:26,151.67,2,
11/05/2021 13:30:26,151.67,100,
11/05/2021 13:30:26,151.67,7,
11/05/2021 13:30:27,151.67,8,
11/05/2021 13:30:27,151.68,74,
11/05/2021 13:30:27,151.68,26,
11/05/2021 13:30:27,151.68,74,
11/05/2021 13:30:27,151.67,9,
11/05/2021 13:30:27,151.67,14,
11/05/2021 13:30:27,151.69,100,
11/05/2021 13:30:27,151.67,57,
11/05/2021 13:30:27,151.66,245,
11/05/2021 13:30:27,151.65,24,
11/05/2021 13:30:27,151.65,76,
11/05/2021 13:30:28,151.62,500,
11/05/2021 13:30:28,151.62,20,
11/05/2021 13:30:28,151.64,100,
11/05/2021 13:30:28,151.64,100,
11/05/2021 13:30:28,151.61,100,
11/05/2021 13:30:28,151.62,1,
11/05/2021 13:30:29,151.61,94,
11/05/2021 13:30:29,151.61,100,
11/05/2021 13:30:29,151.63,100,
11/05/2021 13:30:29,151.61,98,
11/05/2021 13:30:29,151.61,100,
11/05/2021 13:30:29,151.63,9,
11/05/2021 13:30:29,151.65,7,
11/05/2021 13:30:29,151.65,93,
11/05/2021 13:30:30,151.65,100,
11/05/2021 13:30:30,151.65,190,
11/05/2021 13:30:30,151.65,92,
11/05/2021 13:30:30,151.65,18,
11/05/2021 13:30:30,151.65,100,
11/05/2021 13:30:30,151.65,7,
11/05/2021 13:30:30,151.63,1,
11/05/2021 13:30:30,151.66,100,
11/05/2021 13:30:31,151.63,80,
11/05/2021 13:30:31,151.64,100,
11/05/2021 13:30:31,151.64,100,
11/05/2021 13:30:31,151.64,200,
11/05/2021 13:30:32,151.65,100,
11/05/2021 13:30:32,151.67,100,
11/05/2021 13:30:32,151.67,1600,
11/05/2021 13:30:32,151.67,100,
11/05/2021 13:30:33,151.69,100,
11/05/2021 13:30:33,151.66,100,
11/05/2021 13:30:34,151.7,100,
11/05/2021 13:30:34,151.72,100,
11/05/2021 13:30:34,151.7,78,
11/05/2021 13:30:34,151.7,22,
11/05/2021 13:30:34,151.7,100,
11/05/2021 13:30:34,151.69,100,
11/05/2021 13:30:34,151.69,27,
11/05/2021 13:30:34,151.68,5,
11/05/2021 13:30:34,151.71,50,
11/05/2021 13:30:34,151.71,50,
11/05/2021 13:30:35,151.69,100,
11/05/2021 13:30:35,151.68,95,
11/05/2021 13:30:35,151.69,2,
11/05/2021 13:30:35,151.69,100,
11/05/2021 13:30:35,151.68,2,
11/05/2021 13:30:35,151.67,100,
11/05/2021 13:30:35,151.67,44,
11/05/2021 13:30:36,151.71,100,
11/05/2021 13:30:37,151.74,100,
11/05/2021 13:30:37,151.74,1,
11/05/2021 13:30:37,151.74,100,
11/05/2021 13:30:37,151.74,100,
11/05/2021 13:30:37,151.72,100,
11/05/2021 13:30:38,151.69,100,
11/05/2021 13:30:38,151.67,100,
11/05/2021 13:30:38,151.68,41,
11/05/2021 13:30:38,151.66,100,
11/05/2021 13:30:38,151.66,100,
11/05/2021 13:30:39,151.63,100,
11/05/2021 13:30:39,151.63,80,
11/05/2021 13:30:39,151.63,100,
11/05/2021 13:30:39,151.62,400,
11/05/2021 13:30:39,151.61,100,
11/05/2021 13:30:40,151.63,60,
11/05/2021 13:30:40,151.6,40,
11/05/2021 13:30:40,151.61,60,
11/05/2021 13:30:40,151.64,100,
11/05/2021 13:30:41,151.64,100,
11/05/2021 13:30:41,151.64,20,
11/05/2021 13:30:41,151.61,100,
11/05/2021 13:30:41,151.6,22,
11/05/2021 13:30:41,151.6,17,
11/05/2021 13:30:41,151.6,21,
11/05/2021 13:30:41,151.59,25,
11/05/2021 13:30:41,151.58,37,
11/05/2021 13:30:41,151.58,63,
11/05/2021 13:30:41,151.58,46,
11/05/2021 13:30:41,151.55,47,
11/05/2021 13:30:41,151.55,485,
11/05/2021 13:30:41,151.55,100,
11/05/2021 13:30:42,151.53,200,
11/05/2021 13:30:43,151.54,852,
11/05/2021 13:30:43,151.55,100,
11/05/2021 13:30:43,151.54,100,
11/05/2021 13:30:44,151.59,100,
11/05/2021 13:30:44,151.61,66,
11/05/2021 13:30:46,151.6,11,
11/05/2021 13:30:46,151.6,7,
11/05/2021 13:30:46,151.58,100,
11/05/2021 13:30:47,151.62,100,
11/05/2021 13:30:47,151.63,18,
11/05/2021 13:30:47,151.63,82,
11/05/2021 13:30:47,151.62,100,
11/05/2021 13:30:47,151.63,24,
11/05/2021 13:30:47,151.62,100,
11/05/2021 13:30:47,151.62,100,
11/05/2021 13:30:47,151.62,150,
11/05/2021 13:30:48,151.62,100,
11/05/2021 13:30:48,151.63,76,
11/05/2021 13:30:48,151.63,100,
11/05/2021 13:30:48,151.63,524,
11/05/2021 13:30:48,151.63,300,
11/05/2021 13:30:48,151.63,100,
11/05/2021 13:30:48,151.63,100,
11/05/2021 13:30:48,151.63,400,
11/05/2021 13:30:48,151.63,100,
11/05/2021 13:30:48,151.635,100,
11/05/2021 13:30:48,151.64,44,
11/05/2021 13:30:48,151.63,100,
11/05/2021 13:30:48,151.62,100,
11/05/2021 13:30:48,151.62,96,
11/05/2021 13:30:48,151.62,30,
11/05/2021 13:30:48,151.61,2,
11/05/2021 13:30:48,151.62,100,
11/05/2021 13:30:49,151.57,31,
11/05/2021 13:30:50,151.59,1,
11/05/2021 13:30:50,151.61,100,
11/05/2021 13:30:50,151.62,500,
11/05/2021 13:30:50,151.61,100,
11/05/2021 13:30:51,151.57,69,
11/05/2021 13:30:51,151.56,45,
11/05/2021 13:30:51,151.56,55,
11/05/2021 13:30:52,151.6,100,
11/05/2021 13:30:52,151.6,100,
11/05/2021 13:30:52,151.59,92,
11/05/2021 13:30:52,151.58,100,
11/05/2021 13:30:52,151.58,100,
11/05/2021 13:30:52,151.56,100,
11/05/2021 13:30:52,151.56,39,
11/05/2021 13:30:52,151.56,1,
11/05/2021 13:30:52,151.56,100,
11/05/2021 13:30:52,151.55,6,
11/05/2021 13:30:52,151.55,94,
11/05/2021 13:30:52,151.54,100,
11/05/2021 13:30:52,151.55,200,
11/05/2021 13:30:52,151.54,100,
11/05/2021 13:30:52,151.55,14,
11/05/2021 13:30:52,151.54,100,
11/05/2021 13:30:52,151.54,4,
11/05/2021 13:30:52,151.55,2,
11/05/2021 13:30:52,151.57,44,
11/05/2021 13:30:52,151.57,43,
11/05/2021 13:30:52,151.56,2,
11/05/2021 13:30:53,151.58,200,
11/05/2021 13:30:54,151.58,100,
11/05/2021 13:30:54,151.58,100,
11/05/2021 13:30:54,151.59,100,
11/05/2021 13:30:54,151.59,100,
11/05/2021 13:30:54,151.59,2,
11/05/2021 13:30:54,151.59,98,
11/05/2021 13:30:55,151.57,100,
11/05/2021 13:30:55,151.58,100,
11/05/2021 13:30:55,151.58,100,
11/05/2021 13:30:55,151.59,42,
11/05/2021 13:30:55,151.58,2,
11/05/2021 13:30:55,151.58,100,
11/05/2021 13:30:55,151.59,453,
11/05/2021 13:30:56,151.6,200,
11/05/2021 13:30:56,151.61,100,
11/05/2021 13:30:56,151.59,100,
11/05/2021 13:30:57,151.61,149,
11/05/2021 13:30:57,151.61,2,
11/05/2021 13:30:57,151.61,10,
11/05/2021 13:30:57,151.61,98,
11/05/2021 13:30:57,151.62,102,
11/05/2021 13:30:57,151.62,48,
11/05/2021 13:30:57,151.61,76,
11/05/2021 13:30:57,151.6,100,
11/05/2021 13:30:57,151.6,100,
11/05/2021 13:30:57,151.6,100,
11/05/2021 13:30:57,151.61,100,
11/05/2021 13:30:57,151.61,2,
11/05/2021 13:30:58,151.63,50,
11/05/2021 13:30:58,151.63,550,
11/05/2021 13:30:58,151.62,100,
11/05/2021 13:30:58,151.63,100,
11/05/2021 13:30:58,151.63,91,
11/05/2021 13:30:58,151.63,9,
11/05/2021 13:30:58,151.63,100,
11/05/2021 13:30:58,151.63,9,
11/05/2021 13:30:58,151.63,100,
11/05/2021 13:30:58,151.63,291,
11/05/2021 13:30:58,151.63,260,
11/05/2021 13:30:58,151.62,63,
11/05/2021 13:30:58,151.61,50,
11/05/2021 13:30:58,151.61,50,
11/05/2021 13:30:58,151.61,50,
11/05/2021 13:30:58,151.62,600,
11/05/2021 13:30:58,151.6,100,
11/05/2021 13:30:58,151.59,74,
11/05/2021 13:30:58,151.59,26,
11/05/2021 13:30:58,151.58,100,
11/05/2021 13:30:58,151.59,37,
11/05/2021 13:30:58,151.59,216,
11/05/2021 13:30:58,151.6,100,
11/05/2021 13:30:58,151.6,227,
11/05/2021 13:30:58,151.59,100,
11/05/2021 13:30:58,151.59,2,
11/05/2021 13:30:59,151.61,2,
11/05/2021 13:30:59,151.62,2,
11/05/2021 13:30:59,151.62,200,
11/05/2021 13:30:59,151.62,2,
11/05/2021 13:30:59,151.63,500,
11/05/2021 13:30:59,151.61,48,
11/05/2021 13:30:59,151.6,100,
11/05/2021 13:30:59,151.61,49,
11/05/2021 13:30:59,151.61,20,
11/05/2021 13:30:59,151.61,80,
11/05/2021 13:30:59,151.6,41,
11/05/2021 13:30:59,151.6,4,
11/05/2021 13:30:59,151.6,96,
11/05/2021 13:30:59,151.61,41,
11/05/2021 13:30:59,151.61,8,
11/05/2021 13:30:59,151.61,2,
11/05/2021 13:30:59,151.61,46,
11/05/2021 13:30:59,151.58,100,
11/05/2021 13:30:59,151.57,50,
11/05/2021 13:30:59,151.56,100,
11/05/2021 13:30:59,151.58,59,
11/05/2021 13:30:59,151.58,41,
11/05/2021 13:30:59,151.58,50,
11/05/2021 13:30:59,151.6,2,
11/05/2021 13:31:00,151.56,100,
11/05/2021 13:31:00,151.55,100,
11/05/2021 13:31:00,151.54,26,
11/05/2021 13:31:00,151.54,74,
11/05/2021 13:31:00,151.53,30,
11/05/2021 13:31:00,151.53,70,
11/05/2021 13:31:00,151.56,63,
11/05/2021 13:31:00,151.57,200,
11/05/2021 13:31:00,151.57,100,
11/05/2021 13:31:00,151.59,100,
11/05/2021 13:31:00,151.59,13,
11/05/2021 13:31:00,151.59,2,
11/05/2021 13:31:00,151.59,49,
11/05/2021 13:31:00,151.56,100,
11/05/2021 13:31:00,151.57,41,
11/05/2021 13:31:00,151.56,9,
11/05/2021 13:31:00,151.56,100,
11/05/2021 13:31:00,151.54,41,
11/05/2021 13:31:00,151.54,138,
11/05/2021 13:31:00,151.54,100,
11/05/2021 13:31:00,151.54,100,
11/05/2021 13:31:00,151.54,100,
11/05/2021 13:31:00,151.54,100,
11/05/2021 13:31:00,151.54,100,
11/05/2021 13:31:00,151.55,22,
11/05/2021 13:31:00,151.55,78,
11/05/2021 13:31:00,151.56,2,
11/05/2021 13:31:00,151.54,100,
11/05/2021 13:31:00,151.54,2,
11/05/2021 13:31:00,151.55,100,
11/05/2021 13:31:00,151.55,100,
11/05/2021 13:31:00,151.55,100,
11/05/2021 13:31:00,151.56,100,
11/05/2021 13:31:00,151.57,100,
11/05/2021 13:31:00,151.55,122,
11/05/2021 13:31:00,151.56,100,
11/05/2021 13:31:00,151.56,100,
11/05/2021 13:31:00,151.56,2,
11/05/2021 13:31:00,151.57,100,
11/05/2021 13:31:00,151.56,100,
11/05/2021 13:31:00,151.58,100,
11/05/2021 13:31:00,151.56,5,
11/05/2021 13:31:00,151.56,45,
11/05/2021 13:31:00,151.6,100,
11/05/2021 13:31:00,151.58,600,
11/05/2021 13:31:00,151.58,400,
11/05/2021 13:31:00,151.57,50,
11/05/2021 13:31:00,151.58,111,
11/05/2021 13:31:00,151.58,143,
11/05/2021 13:31:00,151.58,39,
11/05/2021 13:31:00,151.61,100,
11/05/2021 13:31:00,151.6,63,
11/05/2021 13:31:00,151.58,50,
11/05/2021 13:31:01,151.59,49,
11/05/2021 13:31:01,151.6,39,
11/05/2021 13:31:01,151.58,100,
11/05/2021 13:31:01,151.57,100,
11/05/2021 13:31:01,151.57,2,
11/05/2021 13:31:01,151.56,78,
11/05/2021 13:31:01,151.56,22,
11/05/2021 13:31:01,151.59,52,
11/05/2021 13:31:02,151.58,100,
11/05/2021 13:31:02,151.57,100,
11/05/2021 13:31:02,151.59,50,
11/05/2021 13:31:02,151.59,50,
11/05/2021 13:31:02,151.59,50,
11/05/2021 13:31:02,151.58,41,
11/05/2021 13:31:03,151.59,46,
11/05/2021 13:31:03,151.59,100,
11/05/2021 13:31:03,151.57,100,
11/05/2021 13:31:03,151.56,46,
11/05/2021 13:31:03,151.56,100,
11/05/2021 13:31:03,151.55,32,
11/05/2021 13:31:03,151.56,100,
11/05/2021 13:31:03,151.58,68,
11/05/2021 13:31:03,151.58,100,
11/05/2021 13:31:03,151.59,45,
11/05/2021 13:31:03,151.59,53,
11/05/2021 13:31:03,151.59,2,
11/05/2021 13:31:04,151.61,2,
11/05/2021 13:31:04,151.61,75,
11/05/2021 13:31:04,151.61,100,
11/05/2021 13:31:06,151.6,600,
11/05/2021 13:31:06,151.59,100,
11/05/2021 13:31:06,151.6,23,
11/05/2021 13:31:06,151.6,23,
11/05/2021 13:31:08,151.59,50,
11/05/2021 13:31:08,151.59,100,
11/05/2021 13:31:08,151.58,63,
11/05/2021 13:31:08,151.58,37,
11/05/2021 13:31:08,151.57,100,
11/05/2021 13:31:08,151.57,58,
11/05/2021 13:31:08,151.57,100,
11/05/2021 13:31:08,151.58,32,
11/05/2021 13:31:08,151.58,100,
11/05/2021 13:31:08,151.58,100,
11/05/2021 13:31:09,151.58,94,
11/05/2021 13:31:09,151.57,53,
11/05/2021 13:31:09,151.57,100,
11/05/2021 13:31:09,151.57,100,
11/05/2021 13:31:09,151.55,200,
11/05/2021 13:31:09,151.54,100,
11/05/2021 13:31:09,151.54,100,
11/05/2021 13:31:09,151.55,5,
11/05/2021 13:31:09,151.58,87,
11/05/2021 13:31:10,151.6,100,
11/05/2021 13:31:10,151.62,95,
11/05/2021 13:31:10,151.63,100,
11/05/2021 13:31:11,151.65,100,
11/05/2021 13:31:11,151.66,200,
11/05/2021 13:31:11,151.65,53,
11/05/2021 13:31:11,151.66,22,
11/05/2021 13:31:11,151.68,60,
11/05/2021 13:31:12,151.65,100,
11/05/2021 13:31:12,151.65,50,
11/05/2021 13:31:12,151.645,50,
11/05/2021 13:31:12,151.64,5,
11/05/2021 13:31:13,151.68,50,
11/05/2021 13:31:13,151.68,50,
11/05/2021 13:31:13,151.68,50,
11/05/2021 13:31:13,151.66,100,
11/05/2021 13:31:14,151.68,100,
11/05/2021 13:31:14,151.67,67,
11/05/2021 13:31:14,151.68,300,
11/05/2021 13:31:15,151.69,100,
11/05/2021 13:31:15,151.69,100,
11/05/2021 13:31:15,151.7,100,
11/05/2021 13:31:15,151.71,100,
11/05/2021 13:31:15,151.71,100,
11/05/2021 13:31:15,151.72,200,
11/05/2021 13:31:16,151.73,1,
11/05/2021 13:31:16,151.71,100,
11/05/2021 13:31:16,151.71,100,
11/05/2021 13:31:16,151.7,100,
11/05/2021 13:31:16,151.72,23,
11/05/2021 13:31:16,151.72,1,
11/05/2021 13:31:16,151.73,100,
11/05/2021 13:31:17,151.71,100,
11/05/2021 13:31:17,151.71,100,
11/05/2021 13:31:17,151.71,100,
11/05/2021 13:31:17,151.71,25,
11/05/2021 13:31:17,151.71,70,
11/05/2021 13:31:17,151.71,100,
11/05/2021 13:31:17,151.72,100,
11/05/2021 13:31:17,151.72,100,
11/05/2021 13:31:17,151.71,39,
11/05/2021 13:31:18,151.71,100,
11/05/2021 13:31:18,151.71,100,
11/05/2021 13:31:18,151.72,100,
11/05/2021 13:31:18,151.72,100,
11/05/2021 13:31:18,151.72,26,
11/05/2021 13:31:18,151.72,100,
11/05/2021 13:31:19,151.71,100,
11/05/2021 13:31:19,151.71,100,
11/05/2021 13:31:19,151.74,100,
11/05/2021 13:31:19,151.75,100,
11/05/2021 13:31:19,151.76,2,
11/05/2021 13:31:20,151.75,100,
11/05/2021 13:31:20,151.76,95,
11/05/2021 13:31:20,151.76,5,
11/05/2021 13:31:20,151.78,100,
11/05/2021 13:31:20,151.78,100,
11/05/2021 13:31:21,151.75,300,
11/05/2021 13:31:21,151.75,100,
11/05/2021 13:31:21,151.75,100,
11/05/2021 13:31:21,151.77,100,
11/05/2021 13:31:21,151.79,100,
11/05/2021 13:31:21,151.8,50,
11/05/2021 13:31:21,151.8,77,
11/05/2021 13:31:22,151.77,100,
11/05/2021 13:31:22,151.77,100,
11/05/2021 13:31:22,151.76,100,
11/05/2021 13:31:23,151.79,100,
11/05/2021 13:31:23,151.8,100,
11/05/2021 13:31:23,151.8,50,
11/05/2021 13:31:23,151.8,50,
11/05/2021 13:31:23,151.81,100,
11/05/2021 13:31:23,151.81,100,
11/05/2021 13:31:23,151.79,100,
11/05/2021 13:31:23,151.79,100,
11/05/2021 13:31:23,151.79,100,
11/05/2021 13:31:23,151.78,100,
11/05/2021 13:31:23,151.77,100,
11/05/2021 13:31:23,151.76,100,
11/05/2021 13:31:23,151.75,100,
11/05/2021 13:31:23,151.76,100,
11/05/2021 13:31:23,151.76,283,
11/05/2021 13:31:23,151.78,17,
11/05/2021 13:31:23,151.76,100,
11/05/2021 13:31:24,151.74,100,
11/05/2021 13:31:24,151.74,100,
11/05/2021 13:31:24,151.73,150,
11/05/2021 13:31:24,151.74,100,
11/05/2021 13:31:24,151.72,33,
11/05/2021 13:31:24,151.72,71,
11/05/2021 13:31:24,151.72,29,
11/05/2021 13:31:24,151.72,100,
11/05/2021 13:31:24,151.71,72,
11/05/2021 13:31:24,151.71,128,
11/05/2021 13:31:24,151.71,50,
11/05/2021 13:31:25,151.71,151,
11/05/2021 13:31:25,151.71,47,
11/05/2021 13:31:25,151.72,100,
11/05/2021 13:31:25,151.715,50,
11/05/2021 13:31:25,151.71,100,
11/05/2021 13:31:25,151.71,100,
11/05/2021 13:31:25,151.71,225,
11/05/2021 13:31:25,151.71,136,
11/05/2021 13:31:25,151.74,100,
11/05/2021 13:31:26,151.75,100,
11/05/2021 13:31:28,151.71,19,
11/05/2021 13:31:28,151.71,12,
11/05/2021 13:31:28,151.71,69,
11/05/2021 13:31:28,151.72,100,
11/05/2021 13:31:28,151.7,50,
11/05/2021 13:31:30,151.76,148,
11/05/2021 13:31:31,151.79,43,
11/05/2021 13:31:31,151.79,41,
11/05/2021 13:31:33,151.82,5,
11/05/2021 13:31:34,151.85,100,
11/05/2021 13:31:34,151.87,100,
11/05/2021 13:31:34,151.87,100,
11/05/2021 13:31:34,151.85,157,
11/05/2021 13:31:34,151.85,100,
11/05/2021 13:31:34,151.85,200,
11/05/2021 13:31:34,151.86,100,
11/05/2021 13:31:34,151.85,59,
11/05/2021 13:31:34,151.86,100,
11/05/2021 13:31:34,151.85,100,
11/05/2021 13:31:34,151.86,100,
11/05/2021 13:31:35,151.83,100,
11/05/2021 13:31:36,151.82,51,
11/05/2021 13:31:36,151.82,49,
11/05/2021 13:31:38,151.84,100,
11/05/2021 13:31:38,151.84,100,
11/05/2021 13:31:38,151.84,400,
11/05/2021 13:31:38,151.84,47,
11/05/2021 13:31:38,151.84,53,
11/05/2021 13:31:38,151.84,100,
11/05/2021 13:31:38,151.83,100,
11/05/2021 13:31:38,151.835,60,
11/05/2021 13:31:38,151.835,40,
11/05/2021 13:31:38,151.84,43,
11/05/2021 13:31:38,151.84,57,
11/05/2021 13:31:38,151.84,100,
11/05/2021 13:31:38,151.84,100,
11/05/2021 13:31:38,151.84,100,
11/05/2021 13:31:38,151.85,208,
11/05/2021 13:31:38,151.85,2292,
11/05/2021 13:31:38,151.86,100,
11/05/2021 13:31:38,151.86,100,
11/05/2021 13:31:39,151.88,100,
11/05/2021 13:31:39,151.89,159,
11/05/2021 13:31:39,151.89,41,
11/05/2021 13:31:39,151.9,17,
11/05/2021 13:31:39,151.9,83,
11/05/2021 13:31:39,151.9,100,
11/05/2021 13:31:40,151.91,100,
11/05/2021 13:31:40,151.92,100,
11/05/2021 13:31:40,151.92,100,
11/05/2021 13:31:40,151.91,100,
11/05/2021 13:31:40,151.93,300,
11/05/2021 13:31:40,151.93,2,
11/05/2021 13:31:41,151.92,87,
11/05/2021 13:31:41,151.93,2,
11/05/2021 13:31:41,151.95,50,
11/05/2021 13:31:41,151.93,500,
11/05/2021 13:31:41,151.93,100,
11/05/2021 13:31:41,151.92,100,
11/05/2021 13:31:41,151.92,50,
11/05/2021 13:31:42,151.94,300,
11/05/2021 13:31:42,151.94,200,
11/05/2021 13:31:42,151.94,200,
11/05/2021 13:31:42,151.94,5,
11/05/2021 13:31:42,151.94,2,
11/05/2021 13:31:42,151.94,100,
11/05/2021 13:31:42,151.95,50,
11/05/2021 13:31:42,151.95,100,
11/05/2021 13:31:43,151.94,100,
11/05/2021 13:31:43,151.94,100,
11/05/2021 13:31:43,151.92,200,
11/05/2021 13:31:43,151.92,100,
11/05/2021 13:31:44,151.9,5,
11/05/2021 13:31:44,151.9,100,
11/05/2021 13:31:44,151.9,100,
11/05/2021 13:31:44,151.91,100,
11/05/2021 13:31:44,151.91,41,
11/05/2021 13:31:44,151.91,53,
11/05/2021 13:31:44,151.91,47,
11/05/2021 13:31:44,151.9,100,
11/05/2021 13:31:44,151.9,100,
11/05/2021 13:31:45,151.9,2,
11/05/2021 13:31:45,151.89,100,
11/05/2021 13:31:45,151.89,100,
11/05/2021 13:31:45,151.87,100,
11/05/2021 13:31:45,151.86,96,
11/05/2021 13:31:47,151.87,12,
11/05/2021 13:31:47,151.87,88,
11/05/2021 13:31:47,151.87,12,
11/05/2021 13:31:47,151.87,88,
11/05/2021 13:31:48,151.87,12,
11/05/2021 13:31:48,151.87,100,
11/05/2021 13:31:51,151.91,100,
11/05/2021 13:31:51,151.92,15,
11/05/2021 13:31:51,151.91,100,
11/05/2021 13:31:51,151.91,2,
11/05/2021 13:31:51,151.91,100,
11/05/2021 13:31:52,151.9,100,
11/05/2021 13:31:52,151.89,74,
11/05/2021 13:31:52,151.89,26,
11/05/2021 13:31:53,151.87,52,
11/05/2021 13:31:53,151.88,100,
11/05/2021 13:31:53,151.88,75,
11/05/2021 13:31:53,151.9,100,
11/05/2021 13:31:54,151.87,48,
11/05/2021 13:31:54,151.88,34,
11/05/2021 13:31:55,151.87,1,
11/05/2021 13:31:55,151.87,199,
11/05/2021 13:31:56,151.9,100,
11/05/2021 13:31:56,151.9,100,
11/05/2021 13:31:56,151.9,50,
11/05/2021 13:31:56,151.91,1,
11/05/2021 13:31:56,151.92,85,
11/05/2021 13:31:56,151.92,44,
11/05/2021 13:31:58,151.86,100,
11/05/2021 13:31:58,151.86,39,
11/05/2021 13:31:58,151.87,100,
11/05/2021 13:31:59,151.95,100,
11/05/2021 13:32:00,151.95,11,
11/05/2021 13:32:00,151.95,89,
11/05/2021 13:32:01,151.97,1000,
11/05/2021 13:32:01,151.97,132,
11/05/2021 13:32:01,151.98,100,
11/05/2021 13:32:01,151.98,50,
11/05/2021 13:32:01,151.98,50,
11/05/2021 13:32:01,151.97,100,
11/05/2021 13:32:01,151.95,100,
11/05/2021 13:32:02,151.97,100,
11/05/2021 13:32:02,151.97,100,
11/05/2021 13:32:02,151.98,100,
11/05/2021 13:32:02,151.98,50,
11/05/2021 13:32:02,151.99,300,
11/05/2021 13:32:02,151.99,300,
11/05/2021 13:32:02,151.99,100,
11/05/2021 13:32:02,151.97,100,
11/05/2021 13:32:02,151.96,100,
11/05/2021 13:32:02,151.98,100,
11/05/2021 13:32:02,151.98,100,
11/05/2021 13:32:02,151.99,800,
11/05/2021 13:32:02,151.99,100,
11/05/2021 13:32:02,151.99,100,
11/05/2021 13:32:02,151.99,63,
11/05/2021 13:32:02,151.99,100,
11/05/2021 13:32:02,151.99,300,
11/05/2021 13:32:03,151.99,700,
11/05/2021 13:32:03,152,16,
11/05/2021 13:32:03,152,104,
11/05/2021 13:32:03,152,100,
11/05/2021 13:32:03,152,37,
11/05/2021 13:32:03,152,100,
11/05/2021 13:32:03,152,37,
11/05/2021 13:32:03,152,100,
11/05/2021 13:32:03,152.03,39,
11/05/2021 13:32:03,152.04,6,
11/05/2021 13:32:03,152.04,21,
11/05/2021 13:32:03,152.04,50,
11/05/2021 13:32:03,152.04,50,
11/05/2021 13:32:03,152.05,100,
11/05/2021 13:32:03,152.04,100,
11/05/2021 13:32:03,152.06,100,
11/05/2021 13:32:03,152.06,12,
11/05/2021 13:32:03,152.06,88,
11/05/2021 13:32:03,152.08,50,
11/05/2021 13:32:03,152.08,11,
11/05/2021 13:32:03,152.08,67,
11/05/2021 13:32:03,152.09,46,
11/05/2021 13:32:04,152.1,50,
11/05/2021 13:32:04,152.09,4,
11/05/2021 13:32:04,152.07,25,
11/05/2021 13:32:04,152.07,60,
11/05/2021 13:32:04,152.09,100,
11/05/2021 13:32:04,152.09,2,
11/05/2021 13:32:04,152.08,98,
11/05/2021 13:32:04,152.1,85,
11/05/2021 13:32:05,152.13,8,
11/05/2021 13:32:05,152.13,10,
11/05/2021 13:32:05,152.13,44,
11/05/2021 13:32:05,152.13,538,
11/05/2021 13:32:05,152.12,100,
11/05/2021 13:32:05,152.11,91,
11/05/2021 13:32:05,152.11,9,
11/05/2021 13:32:05,152.11,56,
11/05/2021 13:32:05,152.09,100,
11/05/2021 13:32:06,152.11,100,
11/05/2021 13:32:06,152.11,100,
11/05/2021 13:32:07,152.13,100,
11/05/2021 13:32:07,152.15,100,
11/05/2021 13:32:07,152.16,50,
11/05/2021 13:32:07,152.14,9,
11/05/2021 13:32:08,152.13,6,
11/05/2021 13:32:08,152.14,100,
11/05/2021 13:32:08,152.14,14,
11/05/2021 13:32:08,152.13,100,
11/05/2021 13:32:09,152.14,100,
11/05/2021 13:32:10,152.17,68,
11/05/2021 13:32:10,152.18,5,
11/05/2021 13:32:10,152.19,100,
11/05/2021 13:32:10,152.18,100,
11/05/2021 13:32:10,152.17,36,
11/05/2021 13:32:10,152.17,36,
11/05/2021 13:32:10,152.17,13,
11/05/2021 13:32:10,152.16,100,
11/05/2021 13:32:10,152.15,100,
11/05/2021 13:32:10,152.15,100,
11/05/2021 13:32:11,152.14,64,
11/05/2021 13:32:11,152.14,25,
11/05/2021 13:32:12,152.14,12,
11/05/2021 13:32:12,152.14,76,
11/05/2021 13:32:12,152.15,18,
11/05/2021 13:32:12,152.17,100,
11/05/2021 13:32:12,152.17,100,
11/05/2021 13:32:12,152.17,34,
11/05/2021 13:32:12,152.17,66,
11/05/2021 13:32:14,152.16,50,
11/05/2021 13:32:14,152.15,100,
11/05/2021 13:32:14,152.15,100,
11/05/2021 13:32:15,152.13,100,
11/05/2021 13:32:15,152.12,100,
11/05/2021 13:32:15,152.1,96,
11/05/2021 13:32:15,152.1,200,
11/05/2021 13:32:15,152.1,300,
11/05/2021 13:32:15,152.12,100,
11/05/2021 13:32:15,152.12,100,
11/05/2021 13:32:16,152.13,85,
11/05/2021 13:32:16,152.13,15,
11/05/2021 13:32:17,152.11,76,
11/05/2021 13:32:17,152.11,24,
11/05/2021 13:32:19,152.07,13,
11/05/2021 13:32:19,152.06,100,
11/05/2021 13:32:19,152.06,50,
11/05/2021 13:32:19,152.05,50,
11/05/2021 13:32:19,152.04,50,
11/05/2021 13:32:19,152.04,100,
11/05/2021 13:32:20,152.04,32,
11/05/2021 13:32:20,152.04,68,
11/05/2021 13:32:20,152.05,100,
11/05/2021 13:32:20,152.05,100,
11/05/2021 13:32:20,152.04,100,
11/05/2021 13:32:21,152.04,100,
11/05/2021 13:32:21,152.04,100,
11/05/2021 13:32:21,152.03,100,
11/05/2021 13:32:22,152.07,38,
11/05/2021 13:32:22,152.06,100,
11/05/2021 13:32:22,152.06,47,
11/05/2021 13:32:22,152.07,100,
11/05/2021 13:32:22,152.06,65,
11/05/2021 13:32:22,152.05,40,
11/05/2021 13:32:22,152.05,65,
11/05/2021 13:32:22,152.03,50,
11/05/2021 13:32:22,152.02,50,
11/05/2021 13:32:22,152.01,100,
11/05/2021 13:32:22,152.01,100,
11/05/2021 13:32:22,152,50,
11/05/2021 13:32:22,152,26,
11/05/2021 13:32:22,152,100,
11/05/2021 13:32:22,151.99,100,
11/05/2021 13:32:22,151.98,100,
11/05/2021 13:32:22,151.98,39,
11/05/2021 13:32:22,151.98,500,
11/05/2021 13:32:22,151.97,50,
11/05/2021 13:32:22,151.97,21,
11/05/2021 13:32:22,151.97,500,
11/05/2021 13:32:22,151.97,21,
11/05/2021 13:32:22,151.97,21,
11/05/2021 13:32:23,151.99,6,
11/05/2021 13:32:23,151.97,57,
11/05/2021 13:32:23,151.97,43,
11/05/2021 13:32:24,151.96,50,
11/05/2021 13:32:24,151.96,100,
11/05/2021 13:32:24,151.96,100,
11/05/2021 13:32:24,151.96,100,
11/05/2021 13:32:24,151.95,100,
11/05/2021 13:32:24,151.94,100,
11/05/2021 13:32:25,151.91,100,
11/05/2021 13:32:25,151.91,100,
11/05/2021 13:32:25,151.9,50,
11/05/2021 13:32:25,151.9,50,
11/05/2021 13:32:25,151.89,50,
11/05/2021 13:32:25,151.89,50,
11/05/2021 13:32:25,151.89,100,
11/05/2021 13:32:25,151.89,2,
11/05/2021 13:32:26,151.97,100,
11/05/2021 13:32:26,151.95,51,
11/05/2021 13:32:26,151.95,32,
11/05/2021 13:32:26,151.96,2,
11/05/2021 13:32:27,151.97,50,
11/05/2021 13:32:28,151.97,100,
11/05/2021 13:32:31,151.96,100,
11/05/2021 13:32:31,151.96,100,
11/05/2021 13:32:31,151.98,2,
11/05/2021 13:32:32,152,100,
11/05/2021 13:32:32,152,100,
11/05/2021 13:32:32,152,27,
11/05/2021 13:32:32,151.94,1,
11/05/2021 13:32:32,151.89,50,
11/05/2021 13:32:32,151.88,500,
11/05/2021 13:32:33,151.88,100,
11/05/2021 13:32:33,151.88,100,
11/05/2021 13:32:33,151.9,100,
11/05/2021 13:32:33,151.91,100,
11/05/2021 13:32:33,151.9,100,
11/05/2021 13:32:33,151.88,2,
11/05/2021 13:32:33,151.88,100,
11/05/2021 13:32:33,151.88,91,
11/05/2021 13:32:35,151.9,1,
11/05/2021 13:32:35,151.89,1,
11/05/2021 13:32:35,151.87,2,
11/05/2021 13:32:35,151.87,50,
11/05/2021 13:32:35,151.88,100,
11/05/2021 13:32:35,151.87,73,
11/05/2021 13:32:35,151.87,27,
11/05/2021 13:32:35,151.86,100,
11/05/2021 13:32:36,151.84,50,
11/05/2021 13:32:36,151.84,400,
11/05/2021 13:32:36,151.85,50,
11/05/2021 13:32:36,151.83,100,
11/05/2021 13:32:36,151.78,100,
11/05/2021 13:32:36,151.77,87,
11/05/2021 13:32:36,151.77,13,
11/05/2021 13:32:38,151.76,100,
11/05/2021 13:32:39,151.74,100,
11/05/2021 13:32:39,151.73,100,
11/05/2021 13:32:39,151.71,100,
11/05/2021 13:32:39,151.71,100,
11/05/2021 13:32:39,151.72,100,
11/05/2021 13:32:39,151.72,12,
11/05/2021 13:32:39,151.72,100,
11/05/2021 13:32:39,151.72,21,
11/05/2021 13:32:39,151.72,79,
11/05/2021 13:32:39,151.71,100,
11/05/2021 13:32:39,151.71,100,
11/05/2021 13:32:40,151.71,100,
11/05/2021 13:32:40,151.73,62,
11/05/2021 13:32:40,151.73,38,
11/05/2021 13:32:40,151.72,100,
11/05/2021 13:32:40,151.72,100,
11/05/2021 13:32:40,151.72,47,
11/05/2021 13:32:40,151.73,162,
11/05/2021 13:32:40,151.73,200,
11/05/2021 13:32:40,151.71,10,
11/05/2021 13:32:40,151.71,90,
11/05/2021 13:32:40,151.71,100,
11/05/2021 13:32:40,151.71,3,
11/05/2021 13:32:40,151.71,352,
11/05/2021 13:32:40,151.71,100,
11/05/2021 13:32:40,151.71,100,
11/05/2021 13:32:40,151.7,100,
11/05/2021 13:32:40,151.7,100,
11/05/2021 13:32:40,151.7,100,
11/05/2021 13:32:41,151.71,100,
11/05/2021 13:32:41,151.71,100,
11/05/2021 13:32:41,151.71,400,
11/05/2021 13:32:41,151.7,100,
11/05/2021 13:32:42,151.73,47,
11/05/2021 13:32:42,151.74,90,
11/05/2021 13:32:42,151.74,10,
11/05/2021 13:32:42,151.75,100,
11/05/2021 13:32:42,151.78,50,
11/05/2021 13:32:42,151.78,100,
11/05/2021 13:32:42,151.79,50,
11/05/2021 13:32:42,151.79,13,
11/05/2021 13:32:42,151.79,87,
11/05/2021 13:32:42,151.79,100,
11/05/2021 13:32:42,151.78,55,
11/05/2021 13:32:43,151.78,78,
11/05/2021 13:32:43,151.78,42,
11/05/2021 13:32:43,151.79,40,
11/05/2021 13:32:43,151.79,90,
11/05/2021 13:32:43,151.78,76,
11/05/2021 13:32:43,151.78,84,
11/05/2021 13:32:43,151.78,16,
11/05/2021 13:32:43,151.79,50,
11/05/2021 13:32:43,151.79,114,
11/05/2021 13:32:44,151.75,50,
11/05/2021 13:32:44,151.74,100,
11/05/2021 13:32:44,151.74,100,
11/05/2021 13:32:45,151.73,50,
11/05/2021 13:32:45,151.73,100,
11/05/2021 13:32:47,151.69,100,
11/05/2021 13:32:47,151.69,50,
11/05/2021 13:32:49,151.7,100,
11/05/2021 13:32:49,151.7,600,
11/05/2021 13:32:49,151.68,3,
11/05/2021 13:32:50,151.66,100,
11/05/2021 13:32:50,151.65,50,
11/05/2021 13:32:50,151.65,100,
11/05/2021 13:32:50,151.65,100,
11/05/2021 13:32:50,151.66,100,
11/05/2021 13:32:50,151.67,100,
11/05/2021 13:32:50,151.68,8,
11/05/2021 13:32:50,151.67,87,
11/05/2021 13:32:51,151.67,100,
11/05/2021 13:32:51,151.67,100,
11/05/2021 13:32:51,151.66,100,
11/05/2021 13:32:51,151.67,100,
11/05/2021 13:32:52,151.66,150,
11/05/2021 13:32:52,151.66,38,
11/05/2021 13:32:52,151.66,12,
11/05/2021 13:32:53,151.71,50,
11/05/2021 13:32:53,151.71,50,
11/05/2021 13:32:53,151.71,50,
11/05/2021 13:32:53,151.71,75,
11/05/2021 13:32:53,151.71,25,
11/05/2021 13:32:53,151.71,100,
11/05/2021 13:32:53,151.7,100,
11/05/2021 13:32:54,151.69,100,
11/05/2021 13:32:55,151.69,100,
11/05/2021 13:32:55,151.69,100,
11/05/2021 13:32:55,151.67,50,
11/05/2021 13:32:55,151.64,100,
11/05/2021 13:32:56,151.65,100,
11/05/2021 13:32:56,151.66,100,
11/05/2021 13:32:56,151.67,100,
11/05/2021 13:32:56,151.65,100,
11/05/2021 13:32:56,151.65,50,
11/05/2021 13:32:56,151.67,100,
11/05/2021 13:32:56,151.67,2,
11/05/2021 13:32:56,151.68,100,
11/05/2021 13:32:57,151.71,100,
11/05/2021 13:32:57,151.71,50,
11/05/2021 13:32:57,151.71,100,
11/05/2021 13:32:57,151.71,450,
11/05/2021 13:32:57,151.69,100,
11/05/2021 13:32:57,151.69,2,
11/05/2021 13:32:57,151.69,100,
11/05/2021 13:32:57,151.68,100,
11/05/2021 13:32:57,151.68,49,
11/05/2021 13:32:57,151.68,51,
11/05/2021 13:32:57,151.68,2,
11/05/2021 13:32:57,151.68,100,
11/05/2021 13:32:57,151.67,100,
11/05/2021 13:32:57,151.67,50,
11/05/2021 13:32:57,151.66,100,
11/05/2021 13:32:57,151.66,2,
11/05/2021 13:32:58,151.68,100,
11/05/2021 13:32:58,151.68,100,
11/05/2021 13:32:58,151.68,100,
11/05/2021 13:32:58,151.69,50,
11/05/2021 13:32:58,151.68,100,
11/05/2021 13:32:58,151.68,100,
11/05/2021 13:32:58,151.68,200,
11/05/2021 13:32:58,151.68,194,
11/05/2021 13:32:58,151.68,34,
11/05/2021 13:32:58,151.68,279,
11/05/2021 13:32:59,151.68,100,
11/05/2021 13:32:59,151.68,74,
11/05/2021 13:32:59,151.68,26,
11/05/2021 13:32:59,151.68,62,
11/05/2021 13:32:59,151.68,38,
11/05/2021 13:32:59,151.69,100,
11/05/2021 13:33:00,151.69,100,
11/05/2021 13:33:00,151.71,50,
11/05/2021 13:33:00,151.71,100,
11/05/2021 13:33:00,151.73,100,
11/05/2021 13:33:00,151.73,50,
11/05/2021 13:33:00,151.73,50,
11/05/2021 13:33:00,151.74,29,
11/05/2021 13:33:00,151.75,50,
11/05/2021 13:33:00,151.75,150,
11/05/2021 13:33:00,151.75,76,
11/05/2021 13:33:00,151.75,100,
11/05/2021 13:33:00,151.75,50,
11/05/2021 13:33:00,151.75,50,
11/05/2021 13:33:00,151.76,100,
11/05/2021 13:33:00,151.77,50,
11/05/2021 13:33:00,151.76,100,
11/05/2021 13:33:00,151.77,62,
11/05/2021 13:33:00,151.77,38,
11/05/2021 13:33:01,151.8,100,
11/05/2021 13:33:02,151.77,12,
11/05/2021 13:33:02,151.78,100,
11/05/2021 13:33:02,151.78,100,
11/05/2021 13:33:02,151.78,100,
11/05/2021 13:33:02,151.79,50,
11/05/2021 13:33:02,151.81,100,
11/05/2021 13:33:02,151.81,100,
11/05/2021 13:33:02,151.81,1,
11/05/2021 13:33:02,151.81,100,
11/05/2021 13:33:02,151.82,50,
11/05/2021 13:33:02,151.82,100,
11/05/2021 13:33:02,151.82,100,
11/05/2021 13:33:02,151.81,156,
11/05/2021 13:33:02,151.83,100,
11/05/2021 13:33:02,151.83,39,
11/05/2021 13:33:02,151.83,100,
11/05/2021 13:33:02,151.81,91,
11/05/2021 13:33:02,151.81,9,
11/05/2021 13:33:02,151.82,2,
11/05/2021 13:33:03,151.78,100,
11/05/2021 13:33:03,151.82,33,
11/05/2021 13:33:03,151.84,50,
11/05/2021 13:33:03,151.83,100,
11/05/2021 13:33:03,151.83,100,
11/05/2021 13:33:03,151.84,100,
11/05/2021 13:33:03,151.83,83,
11/05/2021 13:33:03,151.83,100,
11/05/2021 13:33:03,151.83,100,
11/05/2021 13:33:03,151.84,50,
11/05/2021 13:33:03,151.84,100,
11/05/2021 13:33:03,151.82,100,
11/05/2021 13:33:03,151.82,100,
11/05/2021 13:33:03,151.83,75,
11/05/2021 13:33:03,151.83,66,
11/05/2021 13:33:03,151.82,25,
11/05/2021 13:33:03,151.84,100,
11/05/2021 13:33:03,151.83,23,
11/05/2021 13:33:03,151.83,101,
11/05/2021 13:33:03,151.84,100,
11/05/2021 13:33:03,151.85,100,
11/05/2021 13:33:03,151.86,100,
11/05/2021 13:33:03,151.85,94,
11/05/2021 13:33:03,151.86,97,
11/05/2021 13:33:03,151.86,100,
11/05/2021 13:33:03,151.85,100,
11/05/2021 13:33:03,151.85,145,
11/05/2021 13:33:03,151.86,100,
11/05/2021 13:33:03,151.86,100,
11/05/2021 13:33:03,151.86,37,
11/05/2021 13:33:03,151.86,37,
11/05/2021 13:33:04,151.83,50,
11/05/2021 13:33:04,151.81,30,
11/05/2021 13:33:04,151.82,100,
11/05/2021 13:33:04,151.82,100,
11/05/2021 13:33:05,151.83,100,
11/05/2021 13:33:05,151.83,25,
11/05/2021 13:33:05,151.83,75,
11/05/2021 13:33:05,151.83,25,
11/05/2021 13:33:05,151.84,100,
11/05/2021 13:33:05,151.83,2,
11/05/2021 13:33:05,151.82,100,
11/05/2021 13:33:05,151.8,100,
11/05/2021 13:33:05,151.79,100,
11/05/2021 13:33:05,151.795,9,
11/05/2021 13:33:05,151.79,12,
11/05/2021 13:33:05,151.79,100,
11/05/2021 13:33:05,151.78,100,
11/05/2021 13:33:05,151.78,300,
11/05/2021 13:33:05,151.77,100,
11/05/2021 13:33:05,151.77,300,
11/05/2021 13:33:05,151.77,39,
11/05/2021 13:33:05,151.76,500,
11/05/2021 13:33:05,151.76,100,
11/05/2021 13:33:05,151.76,21,
11/05/2021 13:33:05,151.78,75,
11/05/2021 13:33:07,151.82,100,
11/05/2021 13:33:07,151.87,100,
11/05/2021 13:33:07,151.88,100,
11/05/2021 13:33:07,151.89,100,
11/05/2021 13:33:08,151.89,100,
11/05/2021 13:33:08,151.89,56,
11/05/2021 13:33:08,151.89,12,
11/05/2021 13:33:08,151.9,100,
11/05/2021 13:33:08,151.9,100,
11/05/2021 13:33:08,151.9,91,
11/05/2021 13:33:08,151.91,100,
11/05/2021 13:33:08,151.91,100,
11/05/2021 13:33:10,151.87,100,
11/05/2021 13:33:11,151.86,50,
11/05/2021 13:33:11,151.86,100,
11/05/2021 13:33:11,151.85,100,
11/05/2021 13:33:11,151.86,100,
11/05/2021 13:33:12,151.89,100,
11/05/2021 13:33:12,151.89,2,
11/05/2021 13:33:12,151.88,100,
11/05/2021 13:33:12,151.88,2,
11/05/2021 13:33:12,151.89,12,
11/05/2021 13:33:12,151.89,2,
11/05/2021 13:33:12,151.88,100,
11/05/2021 13:33:12,151.86,100,
11/05/2021 13:33:12,151.85,100,
11/05/2021 13:33:12,151.85,100,
11/05/2021 13:33:13,151.86,100,
11/05/2021 13:33:13,151.87,17,
11/05/2021 13:33:14,151.86,100,
11/05/2021 13:33:14,151.87,83,
11/05/2021 13:33:14,151.86,100,
11/05/2021 13:33:15,151.88,100,
11/05/2021 13:33:15,151.88,100,
11/05/2021 13:33:15,151.89,100,
11/05/2021 13:33:15,151.89,100,
11/05/2021 13:33:16,151.89,100,
11/05/2021 13:33:16,151.89,100,
11/05/2021 13:33:16,151.89,100,
11/05/2021 13:33:16,151.89,13,
11/05/2021 13:33:16,151.89,100,
11/05/2021 13:33:16,151.89,100,
11/05/2021 13:33:16,151.89,100,
11/05/2021 13:33:16,151.89,100,
11/05/2021 13:33:16,151.89,100,
11/05/2021 13:33:17,151.87,2,
11/05/2021 13:33:18,151.84,13,
11/05/2021 13:33:18,151.84,87,
11/05/2021 13:33:19,151.81,100,
11/05/2021 13:33:20,151.81,100,
11/05/2021 13:33:20,151.81,31,
11/05/2021 13:33:21,151.83,50,
11/05/2021 13:33:21,151.83,50,
11/05/2021 13:33:21,151.85,50,
11/05/2021 13:33:21,151.81,75,
11/05/2021 13:33:21,151.81,25,
11/05/2021 13:33:21,151.8,100,
11/05/2021 13:33:21,151.8,100,
11/05/2021 13:33:21,151.8,100,
11/05/2021 13:33:22,151.83,100,
11/05/2021 13:33:22,151.85,100,
11/05/2021 13:33:23,151.86,100,
11/05/2021 13:33:23,151.87,100,
11/05/2021 13:33:23,151.85,100,
11/05/2021 13:33:23,151.85,34,
11/05/2021 13:33:23,151.85,66,
11/05/2021 13:33:25,151.87,50,
11/05/2021 13:33:25,151.87,8,
11/05/2021 13:33:25,151.87,92,
11/05/2021 13:33:25,151.86,100,
11/05/2021 13:33:25,151.86,2,
11/05/2021 13:33:25,151.87,100,
11/05/2021 13:33:26,151.87,100,
11/05/2021 13:33:26,151.87,100,
11/05/2021 13:33:27,151.86,100,
11/05/2021 13:33:27,151.86,100,
11/05/2021 13:33:28,151.89,50,
11/05/2021 13:33:28,151.9,2000,
11/05/2021 13:33:28,151.9,100,
11/05/2021 13:33:28,151.91,100,
11/05/2021 13:33:28,151.91,100,
11/05/2021 13:33:28,151.91,69,
11/05/2021 13:33:28,151.91,31,
11/05/2021 13:33:28,151.9,100,
11/05/2021 13:33:28,151.89,100,
11/05/2021 13:33:28,151.88,83,
11/05/2021 13:33:30,151.89,29,
11/05/2021 13:33:30,151.89,100,
11/05/2021 13:33:30,151.89,65,
11/05/2021 13:33:30,151.89,31,
11/05/2021 13:33:30,151.89,4,
11/05/2021 13:33:30,151.89,100,
11/05/2021 13:33:30,151.9,331,
11/05/2021 13:33:30,151.9,1000,
11/05/2021 13:33:30,151.9,100,
11/05/2021 13:33:30,151.89,50,
11/05/2021 13:33:30,151.89,50,
11/05/2021 13:33:30,151.89,50,
11/05/2021 13:33:31,151.89,100,
11/05/2021 13:33:32,151.89,100,
11/05/2021 13:33:32,151.88,248,
11/05/2021 13:33:32,151.88,500,
11/05/2021 13:33:32,151.88,100,
11/05/2021 13:33:33,151.88,51,
11/05/2021 13:33:33,151.88,49,
11/05/2021 13:33:33,151.88,2,
11/05/2021 13:33:33,151.88,100,
11/05/2021 13:33:33,151.88,100,
11/05/2021 13:33:35,151.88,64,
11/05/2021 13:33:36,151.89,100,
11/05/2021 13:33:36,151.9,100,
11/05/2021 13:33:36,151.9,2,
11/05/2021 13:33:36,151.89,74,
11/05/2021 13:33:36,151.89,20,
11/05/2021 13:33:37,151.87,149,
11/05/2021 13:33:37,151.87,451,
11/05/2021 13:33:37,151.86,100,
11/05/2021 13:33:38,151.84,50,
11/05/2021 13:33:38,151.84,100,
11/05/2021 13:33:38,151.84,50,
11/05/2021 13:33:38,151.83,100,
11/05/2021 13:33:38,151.78,5,
11/05/2021 13:33:38,151.79,29,
11/05/2021 13:33:38,151.8,100,
11/05/2021 13:33:39,151.77,100,
11/05/2021 13:33:43,151.77,100,
11/05/2021 13:33:43,151.77,100,
11/05/2021 13:33:43,151.77,100,
11/05/2021 13:33:43,151.77,100,
11/05/2021 13:33:44,151.79,100,
11/05/2021 13:33:44,151.79,7,
11/05/2021 13:33:44,151.79,100,
11/05/2021 13:33:44,151.78,77,
11/05/2021 13:33:44,151.77,50,
11/05/2021 13:33:44,151.77,57,
11/05/2021 13:33:44,151.77,100,
11/05/2021 13:33:45,151.77,50,
11/05/2021 13:33:45,151.77,100,
11/05/2021 13:33:45,151.77,100,
11/05/2021 13:33:45,151.76,100,
11/05/2021 13:33:45,151.76,400,
11/05/2021 13:33:49,151.75,25,
11/05/2021 13:33:49,151.75,75,
11/05/2021 13:33:50,151.73,100,
11/05/2021 13:33:51,151.725,100,
11/05/2021 13:33:51,151.72,100,
11/05/2021 13:33:51,151.72,100,
11/05/2021 13:33:52,151.69,50,
11/05/2021 13:33:52,151.68,50,
11/05/2021 13:33:52,151.67,1,
11/05/2021 13:33:52,151.68,100,
11/05/2021 13:33:52,151.68,100,
11/05/2021 13:33:52,151.68,100,
11/05/2021 13:33:52,151.68,100,
11/05/2021 13:33:52,151.66,100,
11/05/2021 13:33:55,151.66,9,
11/05/2021 13:33:55,151.66,100,
11/05/2021 13:33:55,151.66,59,
11/05/2021 13:33:55,151.66,41,
11/05/2021 13:33:55,151.66,100,
11/05/2021 13:33:55,151.65,50,
11/05/2021 13:33:55,151.65,100,
11/05/2021 13:33:55,151.64,50,
11/05/2021 13:33:55,151.64,50,
11/05/2021 13:33:55,151.65,100,
11/05/2021 13:33:55,151.65,100,
11/05/2021 13:33:55,151.65,100,
11/05/2021 13:33:55,151.645,100,
11/05/2021 13:33:55,151.64,100,
11/05/2021 13:33:55,151.62,100,
11/05/2021 13:33:56,151.62,100,
11/05/2021 13:33:56,151.61,100,
11/05/2021 13:33:57,151.61,100,
11/05/2021 13:33:57,151.61,100,
11/05/2021 13:33:57,151.6,50,
11/05/2021 13:33:57,151.6,75,
11/05/2021 13:33:57,151.6,25,
11/05/2021 13:33:57,151.6,100,
11/05/2021 13:33:57,151.6,100,
11/05/2021 13:33:57,151.6,100,
11/05/2021 13:33:57,151.6,100,
11/05/2021 13:33:57,151.62,100,
11/05/2021 13:33:58,151.63,24,
11/05/2021 13:33:58,151.62,100,
11/05/2021 13:33:58,151.62,100,
11/05/2021 13:33:58,151.61,100,
11/05/2021 13:33:59,151.59,76,
11/05/2021 13:33:59,151.59,100,
11/05/2021 13:34:00,151.6,100,
11/05/2021 13:34:00,151.6,100,
11/05/2021 13:34:00,151.6,100,
11/05/2021 13:34:00,151.6,68,
11/05/2021 13:34:01,151.6,100,
11/05/2021 13:34:01,151.62,100,
11/05/2021 13:34:01,151.62,50,
11/05/2021 13:34:01,151.62,300,
11/05/2021 13:34:01,151.62,17,
11/05/2021 13:34:01,151.63,47,
11/05/2021 13:34:01,151.63,100,
11/05/2021 13:34:01,151.65,2,
11/05/2021 13:34:01,151.65,11,
11/05/2021 13:34:01,151.65,87,
11/05/2021 13:34:02,151.61,100,
11/05/2021 13:34:02,151.61,60,
11/05/2021 13:34:02,151.62,25,
11/05/2021 13:34:02,151.61,24,
11/05/2021 13:34:04,151.56,9,
11/05/2021 13:34:04,151.56,59,
11/05/2021 13:34:04,151.57,76,
11/05/2021 13:34:05,151.59,100,
11/05/2021 13:34:06,151.62,44,
11/05/2021 13:34:06,151.62,56,
11/05/2021 13:34:06,151.62,56,
11/05/2021 13:34:06,151.62,7,
11/05/2021 13:34:06,151.61,2,
11/05/2021 13:34:07,151.63,100,
11/05/2021 13:34:07,151.64,47,
11/05/2021 13:34:07,151.64,53,
11/05/2021 13:34:07,151.66,100,
11/05/2021 13:34:07,151.66,50,
11/05/2021 13:34:07,151.66,100,
11/05/2021 13:34:07,151.67,100,
11/05/2021 13:34:07,151.67,100,
11/05/2021 13:34:08,151.64,100,
11/05/2021 13:34:09,151.61,64,
11/05/2021 13:34:09,151.61,36,
11/05/2021 13:34:10,151.62,5,
11/05/2021 13:34:10,151.63,50,
11/05/2021 13:34:10,151.64,5,
11/05/2021 13:34:12,151.63,78,
11/05/2021 13:34:12,151.64,100,
11/05/2021 13:34:13,151.63,95,
11/05/2021 13:34:13,151.63,5,
11/05/2021 13:34:13,151.63,100,
11/05/2021 13:34:16,151.62,100,
11/05/2021 13:34:16,151.64,27,
11/05/2021 13:34:16,151.64,73,
11/05/2021 13:34:17,151.64,100,
11/05/2021 13:34:17,151.64,26,
11/05/2021 13:34:17,151.64,100,
11/05/2021 13:34:18,151.65,28,
11/05/2021 13:34:18,151.65,100,
11/05/2021 13:34:18,151.66,34,
11/05/2021 13:34:18,151.66,66,
11/05/2021 13:34:18,151.66,100,
11/05/2021 13:34:19,151.68,100,
11/05/2021 13:34:21,151.67,100,
11/05/2021 13:34:21,151.68,52,
11/05/2021 13:34:21,151.68,48,
11/05/2021 13:34:22,151.69,24,
11/05/2021 13:34:22,151.69,76,
11/05/2021 13:34:22,151.71,24,
11/05/2021 13:34:23,151.71,71,
11/05/2021 13:34:23,151.71,29,
11/05/2021 13:34:23,151.71,100,
11/05/2021 13:34:23,151.68,400,
11/05/2021 13:34:25,151.7,79,
11/05/2021 13:34:25,151.7,21,
11/05/2021 13:34:25,151.7,100,
11/05/2021 13:34:26,151.69,50,
11/05/2021 13:34:26,151.69,100,
11/05/2021 13:34:26,151.69,100,
11/05/2021 13:34:26,151.69,100,
11/05/2021 13:34:26,151.68,100,
11/05/2021 13:34:26,151.69,100,
11/05/2021 13:34:28,151.71,100,
11/05/2021 13:34:28,151.71,36,
11/05/2021 13:34:28,151.71,64,
11/05/2021 13:34:28,151.72,68,
11/05/2021 13:34:28,151.72,32,
11/05/2021 13:34:29,151.75,100,
11/05/2021 13:34:29,151.75,100,
11/05/2021 13:34:29,151.74,1,
11/05/2021 13:34:29,151.74,2,
11/05/2021 13:34:29,151.74,6,
11/05/2021 13:34:30,151.69,100,
11/05/2021 13:34:30,151.7,10,
11/05/2021 13:34:32,151.69,100,
11/05/2021 13:34:33,151.7,50,
11/05/2021 13:34:33,151.7,50,
11/05/2021 13:34:33,151.7,74,
11/05/2021 13:34:36,151.69,78,
11/05/2021 13:34:36,151.69,2,
11/05/2021 13:34:36,151.69,20,
11/05/2021 13:34:38,151.675,100,
11/05/2021 13:34:38,151.67,100,
11/05/2021 13:34:38,151.68,90,
11/05/2021 13:34:38,151.69,37,
11/05/2021 13:34:38,151.69,51,
11/05/2021 13:34:38,151.69,12,
11/05/2021 13:34:39,151.69,100,
11/05/2021 13:34:39,151.69,23,
11/05/2021 13:34:39,151.69,77,
11/05/2021 13:34:39,151.69,20,
11/05/2021 13:34:40,151.69,50,
11/05/2021 13:34:40,151.68,100,
11/05/2021 13:34:42,151.67,100,
11/05/2021 13:34:42,151.67,100,
11/05/2021 13:34:42,151.66,59,
11/05/2021 13:34:42,151.66,41,
11/05/2021 13:34:42,151.62,2,
11/05/2021 13:34:42,151.61,50,
11/05/2021 13:34:42,151.61,50,
11/05/2021 13:34:42,151.61,50,
11/05/2021 13:34:43,151.62,100,
11/05/2021 13:34:43,151.62,100,
11/05/2021 13:34:43,151.63,100,
11/05/2021 13:34:43,151.63,100,
11/05/2021 13:34:45,151.68,40,
11/05/2021 13:34:45,151.69,58,
11/05/2021 13:34:45,151.69,42,
11/05/2021 13:34:45,151.69,2,
11/05/2021 13:34:48,151.68,28,
11/05/2021 13:34:48,151.68,183,
11/05/2021 13:34:48,151.68,100,
11/05/2021 13:34:48,151.67,100,
11/05/2021 13:34:48,151.67,100,
11/05/2021 13:34:48,151.69,10,
11/05/2021 13:34:48,151.69,73,
11/05/2021 13:34:48,151.69,17,
11/05/2021 13:34:48,151.69,3,
11/05/2021 13:34:48,151.68,100,
11/05/2021 13:34:50,151.68,100,
11/05/2021 13:34:51,151.67,3,
11/05/2021 13:34:51,151.68,100,
11/05/2021 13:34:52,151.67,24,
11/05/2021 13:34:52,151.68,44,
11/05/2021 13:34:52,151.68,31,
11/05/2021 13:34:52,151.68,14,
11/05/2021 13:34:52,151.68,11,
11/05/2021 13:34:53,151.67,1,
11/05/2021 13:34:53,151.67,2,
11/05/2021 13:34:53,151.66,1,
11/05/2021 13:34:53,151.67,100,
11/05/2021 13:34:54,151.68,100,
11/05/2021 13:34:54,151.67,100,
11/05/2021 13:34:54,151.67,100,
11/05/2021 13:34:54,151.66,100,
11/05/2021 13:34:54,151.66,400,
11/05/2021 13:34:54,151.65,100,
11/05/2021 13:34:55,151.66,50,
11/05/2021 13:34:55,151.66,43,
11/05/2021 13:34:55,151.67,100,
11/05/2021 13:34:55,151.67,100,
11/05/2021 13:34:55,151.67,100,
11/05/2021 13:34:55,151.67,100,
11/05/2021 13:34:55,151.67,61,
11/05/2021 13:34:55,151.67,39,
11/05/2021 13:34:55,151.67,100,
11/05/2021 13:34:55,151.65,100,
11/05/2021 13:34:55,151.65,100,
11/05/2021 13:34:55,151.65,100,
11/05/2021 13:34:55,151.65,50,
11/05/2021 13:34:56,151.67,50,
11/05/2021 13:34:56,151.66,100,
11/05/2021 13:34:58,151.65,100,
11/05/2021 13:34:58,151.65,100,
11/05/2021 13:34:58,151.65,100,
11/05/2021 13:34:58,151.65,2,
11/05/2021 13:34:59,151.68,100,
11/05/2021 13:35:00,151.7,223,
11/05/2021 13:35:00,151.7,100,
11/05/2021 13:35:00,151.71,50,
11/05/2021 13:35:00,151.71,90,
11/05/2021 13:35:00,151.71,50,
11/05/2021 13:35:00,151.72,12,
11/05/2021 13:35:00,151.73,36,
11/05/2021 13:35:00,151.73,64,
11/05/2021 13:35:00,151.74,61,
11/05/2021 13:35:00,151.74,39,
11/05/2021 13:35:00,151.75,129,
11/05/2021 13:35:00,151.75,5,
11/05/2021 13:35:00,151.74,10,
11/05/2021 13:35:00,151.74,100,
11/05/2021 13:35:00,151.74,2,
11/05/2021 13:35:00,151.74,2,
11/05/2021 13:35:00,151.74,96,
11/05/2021 13:35:00,151.74,100,
11/05/2021 13:35:00,151.75,2,
11/05/2021 13:35:00,151.75,2,
11/05/2021 13:35:00,151.75,3,
11/05/2021 13:35:00,151.74,100,
11/05/2021 13:35:01,151.74,195,
11/05/2021 13:35:01,151.75,94,
11/05/2021 13:35:01,151.75,100,
11/05/2021 13:35:01,151.76,10,
11/05/2021 13:35:02,151.78,35,
11/05/2021 13:35:02,151.78,100,
11/05/2021 13:35:02,151.78,100,
11/05/2021 13:35:02,151.79,100,
11/05/2021 13:35:02,151.79,100,
11/05/2021 13:35:03,151.77,50,
11/05/2021 13:35:03,151.78,81,
11/05/2021 13:35:03,151.77,50,
11/05/2021 13:35:03,151.77,50,
11/05/2021 13:35:04,151.79,77,
11/05/2021 13:35:04,151.79,100,
11/05/2021 13:35:04,151.78,100,
11/05/2021 13:35:04,151.78,9,
11/05/2021 13:35:04,151.78,52,
11/05/2021 13:35:04,151.78,48,
11/05/2021 13:35:04,151.79,95,
11/05/2021 13:35:04,151.79,81,
11/05/2021 13:35:04,151.79,2,
11/05/2021 13:35:04,151.79,312,
11/05/2021 13:35:04,151.78,100,
11/05/2021 13:35:05,151.78,100,
11/05/2021 13:35:05,151.78,50,
11/05/2021 13:35:05,151.78,50,
11/05/2021 13:35:05,151.79,291,
11/05/2021 13:35:06,151.79,100,
11/05/2021 13:35:06,151.79,100,
11/05/2021 13:35:06,151.79,100,
11/05/2021 13:35:06,151.79,2,
11/05/2021 13:35:07,151.79,100,
11/05/2021 13:35:08,151.8,100,
11/05/2021 13:35:08,151.8,446,
11/05/2021 13:35:08,151.81,50,
11/05/2021 13:35:08,151.81,100,
11/05/2021 13:35:08,151.81,100,
11/05/2021 13:35:08,151.81,100,
11/05/2021 13:35:08,151.83,50,
11/05/2021 13:35:08,151.83,100,
11/05/2021 13:35:08,151.83,20,
11/05/2021 13:35:08,151.83,21,
11/05/2021 13:35:08,151.82,100,
11/05/2021 13:35:08,151.82,9,
11/05/2021 13:35:09,151.81,100,
11/05/2021 13:35:09,151.81,100,
11/05/2021 13:35:09,151.84,100,
11/05/2021 13:35:09,151.83,100,
11/05/2021 13:35:10,151.84,100,
11/05/2021 13:35:11,151.86,100,
11/05/2021 13:35:11,151.86,70,
11/05/2021 13:35:12,151.85,5,
11/05/2021 13:35:12,151.85,6,
11/05/2021 13:35:14,151.84,9,
11/05/2021 13:35:14,151.84,32,
11/05/2021 13:35:14,151.83,100,
11/05/2021 13:35:14,151.83,50,
11/05/2021 13:35:14,151.83,50,
11/05/2021 13:35:14,151.82,100,
11/05/2021 13:35:14,151.82,300,
11/05/2021 13:35:14,151.84,100,
11/05/2021 13:35:14,151.84,100,
11/05/2021 13:35:15,151.84,100,
11/05/2021 13:35:15,151.86,100,
11/05/2021 13:35:15,151.85,100,
11/05/2021 13:35:15,151.85,37,
11/05/2021 13:35:16,151.87,100,
11/05/2021 13:35:16,151.89,30,
11/05/2021 13:35:16,151.88,1,
11/05/2021 13:35:16,151.88,12,
11/05/2021 13:35:16,151.88,100,
11/05/2021 13:35:16,151.89,100,
11/05/2021 13:35:16,151.89,100,
11/05/2021 13:35:16,151.89,100,
11/05/2021 13:35:16,151.88,20,
11/05/2021 13:35:16,151.88,80,
11/05/2021 13:35:17,151.88,100,
11/05/2021 13:35:17,151.88,100,
11/05/2021 13:35:18,151.89,2,
11/05/2021 13:35:18,151.89,98,
11/05/2021 13:35:18,151.88,1,
11/05/2021 13:35:18,151.88,80,
11/05/2021 13:35:18,151.88,3,
11/05/2021 13:35:18,151.87,100,
11/05/2021 13:35:21,151.88,83,
11/05/2021 13:35:22,151.89,2,
11/05/2021 13:35:23,151.89,100,
11/05/2021 13:35:23,151.89,92,
11/05/2021 13:35:25,151.87,50,
11/05/2021 13:35:25,151.87,26,
11/05/2021 13:35:25,151.87,34,
11/05/2021 13:35:25,151.87,71,
11/05/2021 13:35:25,151.87,100,
11/05/2021 13:35:25,151.87,92,
11/05/2021 13:35:25,151.87,2,
11/05/2021 13:35:26,151.86,100,
11/05/2021 13:35:27,151.89,100,
11/05/2021 13:35:27,151.89,100,
11/05/2021 13:35:27,151.89,100,
11/05/2021 13:35:27,151.89,100,
11/05/2021 13:35:27,151.89,100,
11/05/2021 13:35:27,151.89,100,
11/05/2021 13:35:27,151.89,300,
11/05/2021 13:35:27,151.89,100,
11/05/2021 13:35:28,151.88,100,
11/05/2021 13:35:28,151.88,19,
11/05/2021 13:35:29,151.89,50,
11/05/2021 13:35:29,151.89,100,
11/05/2021 13:35:29,151.89,100,
11/05/2021 13:35:29,151.89,74,
11/05/2021 13:35:29,151.89,100,
11/05/2021 13:35:29,151.87,100,
11/05/2021 13:35:29,151.87,2,
11/05/2021 13:35:29,151.86,100,
11/05/2021 13:35:32,151.89,73,
11/05/2021 13:35:32,151.89,100,
11/05/2021 13:35:33,151.89,100,
11/05/2021 13:35:34,151.89,100,
11/05/2021 13:35:34,151.89,100,
11/05/2021 13:35:34,151.88,100,
11/05/2021 13:35:36,151.89,100,
11/05/2021 13:35:36,151.89,100,
11/05/2021 13:35:36,151.89,98,
11/05/2021 13:35:36,151.89,100,
11/05/2021 13:35:36,151.89,100,
11/05/2021 13:35:36,151.89,100,
11/05/2021 13:35:36,151.89,77,
11/05/2021 13:35:36,151.89,323,
11/05/2021 13:35:36,151.89,100,
11/05/2021 13:35:36,151.89,100,
11/05/2021 13:35:36,151.89,100,
11/05/2021 13:35:36,151.89,100,
11/05/2021 13:35:36,151.89,100,
11/05/2021 13:35:37,151.87,100,
11/05/2021 13:35:37,151.88,100,
11/05/2021 13:35:37,151.89,100,
11/05/2021 13:35:37,151.89,100,
11/05/2021 13:35:37,151.89,14,
11/05/2021 13:35:37,151.89,7,
11/05/2021 13:35:37,151.87,150,
11/05/2021 13:35:37,151.86,100,
11/05/2021 13:35:37,151.87,100,
11/05/2021 13:35:38,151.89,100,
11/05/2021 13:35:38,151.89,100,
11/05/2021 13:35:38,151.89,50,
11/05/2021 13:35:38,151.88,100,
11/05/2021 13:35:38,151.87,100,
11/05/2021 13:35:39,151.85,1,
11/05/2021 13:35:40,151.84,100,
11/05/2021 13:35:40,151.85,100,
11/05/2021 13:35:40,151.85,100,
11/05/2021 13:35:40,151.84,52,
11/05/2021 13:35:42,151.84,100,
11/05/2021 13:35:43,151.85,100,
11/05/2021 13:35:43,151.85,100,
11/05/2021 13:35:43,151.86,146,
11/05/2021 13:35:43,151.86,86,
11/05/2021 13:35:43,151.86,368,
11/05/2021 13:35:43,151.86,48,
11/05/2021 13:35:46,151.85,100,
11/05/2021 13:35:46,151.86,50,
11/05/2021 13:35:46,151.86,131,
11/05/2021 13:35:46,151.86,67,
11/05/2021 13:35:46,151.86,100,
11/05/2021 13:35:46,151.86,100,
11/05/2021 13:35:46,151.86,100,
11/05/2021 13:35:46,151.86,5,
11/05/2021 13:35:46,151.85,100,
11/05/2021 13:35:46,151.85,100,
11/05/2021 13:35:46,151.85,100,
11/05/2021 13:35:46,151.84,100,
11/05/2021 13:35:46,151.84,100,
11/05/2021 13:35:47,151.86,100,
11/05/2021 13:35:47,151.86,100,
11/05/2021 13:35:47,151.86,100,
11/05/2021 13:35:47,151.86,200,
11/05/2021 13:35:47,151.86,1,
11/05/2021 13:35:47,151.86,599,
11/05/2021 13:35:47,151.86,599,
11/05/2021 13:35:47,151.86,1,
11/05/2021 13:35:47,151.87,100,
11/05/2021 13:35:47,151.88,40,
11/05/2021 13:35:48,151.91,7,
11/05/2021 13:35:48,151.92,100,
11/05/2021 13:35:48,151.91,100,
11/05/2021 13:35:48,151.9,100,
11/05/2021 13:35:49,151.91,100,
11/05/2021 13:35:49,151.92,100,
11/05/2021 13:35:49,151.92,100,
11/05/2021 13:35:49,151.92,75,
11/05/2021 13:35:49,151.92,26,
11/05/2021 13:35:49,151.92,49,
11/05/2021 13:35:49,151.92,12,
11/05/2021 13:35:49,151.92,100,
11/05/2021 13:35:49,151.92,100,
11/05/2021 13:35:49,151.92,100,
11/05/2021 13:35:49,151.92,100,
11/05/2021 13:35:50,151.92,9,
11/05/2021 13:35:50,151.93,100,
11/05/2021 13:35:51,151.94,100,
11/05/2021 13:35:51,151.94,100,
11/05/2021 13:35:53,151.89,100,
11/05/2021 13:35:53,151.88,7,
11/05/2021 13:35:53,151.88,9,
11/05/2021 13:35:54,151.87,100,
11/05/2021 13:35:54,151.86,100,
11/05/2021 13:35:54,151.86,200,
11/05/2021 13:35:54,151.85,100,
11/05/2021 13:35:54,151.85,400,
11/05/2021 13:35:55,151.85,5,
11/05/2021 13:35:55,151.85,5,
11/05/2021 13:35:55,151.85,100,
11/05/2021 13:35:55,151.85,95,
11/05/2021 13:35:55,151.84,5,
11/05/2021 13:35:55,151.84,6,
11/05/2021 13:35:55,151.84,1,
11/05/2021 13:35:55,151.83,50,
11/05/2021 13:35:56,151.83,50,
11/05/2021 13:35:56,151.83,100,
11/05/2021 13:35:56,151.83,100,
11/05/2021 13:35:57,151.82,100,
11/05/2021 13:35:57,151.82,100,
11/05/2021 13:35:57,151.82,100,
11/05/2021 13:35:57,151.82,100,
11/05/2021 13:35:58,151.8,100,
11/05/2021 13:35:58,151.81,1,
11/05/2021 13:35:58,151.82,100,
11/05/2021 13:35:58,151.82,100,
11/05/2021 13:35:58,151.82,343,
11/05/2021 13:35:59,151.79,50,
11/05/2021 13:35:59,151.78,50,
11/05/2021 13:36:00,151.77,10,
11/05/2021 13:36:00,151.76,144,
11/05/2021 13:36:00,151.77,1,
11/05/2021 13:36:00,151.77,100,
11/05/2021 13:36:00,151.78,100,
11/05/2021 13:36:00,151.78,100,
11/05/2021 13:36:01,151.77,1,
11/05/2021 13:36:01,151.77,100,
11/05/2021 13:36:01,151.77,100,
11/05/2021 13:36:02,151.79,100,
11/05/2021 13:36:03,151.81,100,
11/05/2021 13:36:03,151.8,63,
11/05/2021 13:36:04,151.81,100,
11/05/2021 13:36:04,151.85,7,
11/05/2021 13:36:04,151.86,40,
11/05/2021 13:36:04,151.86,60,
11/05/2021 13:36:04,151.86,60,
11/05/2021 13:36:04,151.86,40,
11/05/2021 13:36:04,151.86,100,
11/05/2021 13:36:05,151.84,45,
11/05/2021 13:36:05,151.86,100,
11/05/2021 13:36:05,151.87,100,
11/05/2021 13:36:05,151.87,100,
11/05/2021 13:36:05,151.87,100,
11/05/2021 13:36:05,151.87,100,
11/05/2021 13:36:05,151.88,100,
11/05/2021 13:36:06,151.88,100,
11/05/2021 13:36:06,151.87,84,
11/05/2021 13:36:06,151.86,100,
11/05/2021 13:36:07,151.87,100,
11/05/2021 13:36:07,151.87,100,
11/05/2021 13:36:08,151.89,100,
11/05/2021 13:36:08,151.89,100,
11/05/2021 13:36:10,151.9,100,
11/05/2021 13:36:10,151.9,105,
11/05/2021 13:36:10,151.9,1,
11/05/2021 13:36:10,151.905,100,
11/05/2021 13:36:11,151.93,100,
11/05/2021 13:36:11,151.93,100,
11/05/2021 13:36:11,151.94,100,
11/05/2021 13:36:11,151.94,100,
11/05/2021 13:36:11,151.94,100,
11/05/2021 13:36:11,151.92,16,
11/05/2021 13:36:11,151.93,79,
11/05/2021 13:36:11,151.92,100,
11/05/2021 13:36:11,151.91,16,
11/05/2021 13:36:11,151.91,100,
11/05/2021 13:36:11,151.91,100,
11/05/2021 13:36:11,151.92,33,
11/05/2021 13:36:11,151.92,1,
11/05/2021 13:36:12,151.92,100,
11/05/2021 13:36:12,151.93,68,
11/05/2021 13:36:12,151.92,68,
11/05/2021 13:36:12,151.92,11,
11/05/2021 13:36:12,151.91,70,
11/05/2021 13:36:12,151.91,70,
11/05/2021 13:36:12,151.92,100,
11/05/2021 13:36:12,151.93,100,
11/05/2021 13:36:13,151.94,1,
11/05/2021 13:36:13,151.94,100,
11/05/2021 13:36:13,151.95,50,
11/05/2021 13:36:13,151.94,84,
11/05/2021 13:36:13,151.93,84,
11/05/2021 13:36:13,151.93,50,
11/05/2021 13:36:13,151.93,2,
11/05/2021 13:36:13,151.95,100,
11/05/2021 13:36:14,151.92,5,
11/05/2021 13:36:14,151.94,79,
11/05/2021 13:36:14,151.94,100,
11/05/2021 13:36:14,151.94,70,
11/05/2021 13:36:14,151.92,50,
11/05/2021 13:36:14,151.94,100,
11/05/2021 13:36:15,151.93,2,
11/05/2021 13:36:15,151.95,200,
11/05/2021 13:36:15,151.96,18,
11/05/2021 13:36:15,151.96,18,
11/05/2021 13:36:15,151.99,300,
11/05/2021 13:36:15,151.97,100,
11/05/2021 13:36:15,151.95,2,
11/05/2021 13:36:15,151.94,2,
11/05/2021 13:36:15,151.95,85,
11/05/2021 13:36:15,151.95,79,
11/05/2021 13:36:15,151.96,100,
11/05/2021 13:36:16,151.95,9,
11/05/2021 13:36:16,151.95,91,
11/05/2021 13:36:17,151.95,41,
11/05/2021 13:36:17,151.95,59,
11/05/2021 13:36:17,151.94,100,
11/05/2021 13:36:17,151.94,8,
11/05/2021 13:36:17,151.94,100,
11/05/2021 13:36:17,151.94,100,
11/05/2021 13:36:19,151.93,100,
11/05/2021 13:36:19,151.93,100,
11/05/2021 13:36:19,151.93,100,
11/05/2021 13:36:19,151.93,66,
11/05/2021 13:36:19,151.96,28,
11/05/2021 13:36:19,151.96,100,
11/05/2021 13:36:19,151.96,100,
11/05/2021 13:36:20,151.98,100,
11/05/2021 13:36:20,151.98,100,
11/05/2021 13:36:20,151.98,171,
11/05/2021 13:36:20,152,673,
11/05/2021 13:36:20,152,227,
11/05/2021 13:36:20,152.01,61,
11/05/2021 13:36:20,152,61,
11/05/2021 13:36:20,151.99,100,
11/05/2021 13:36:20,151.99,61,
11/05/2021 13:36:20,151.98,60,
11/05/2021 13:36:21,151.99,100,
11/05/2021 13:36:21,152,17,
11/05/2021 13:36:21,151.99,50,
11/05/2021 13:36:21,152,17,
11/05/2021 13:36:22,151.98,80,
11/05/2021 13:36:22,151.98,100,
11/05/2021 13:36:22,152,100,
11/05/2021 13:36:23,151.99,5,
11/05/2021 13:36:24,151.98,100,
11/05/2021 13:36:24,151.99,99,
11/05/2021 13:36:24,151.99,100,
11/05/2021 13:36:25,151.99,50,
11/05/2021 13:36:25,151.99,11,
11/05/2021 13:36:26,152.01,100,
11/05/2021 13:36:26,152.01,78,
11/05/2021 13:36:26,152,100,
11/05/2021 13:36:26,151.99,35,
11/05/2021 13:36:26,152,100,
11/05/2021 13:36:26,152,100,
11/05/2021 13:36:27,152.02,100,
11/05/2021 13:36:27,152.01,100,
11/05/2021 13:36:27,152.02,100,
11/05/2021 13:36:28,152.01,200,
11/05/2021 13:36:28,152.01,100,
11/05/2021 13:36:28,152.01,32,
11/05/2021 13:36:28,152.01,68,
11/05/2021 13:36:29,152,100,
11/05/2021 13:36:29,152,100,
11/05/2021 13:36:29,152,100,
11/05/2021 13:36:29,152,100,
11/05/2021 13:36:29,152.01,100,
11/05/2021 13:36:29,152.01,12,
11/05/2021 13:36:30,152.01,100,
11/05/2021 13:36:30,152,100,
11/05/2021 13:36:32,152.03,100,
11/05/2021 13:36:32,152.03,97,
11/05/2021 13:36:32,152.03,3,
11/05/2021 13:36:33,152.03,119,
11/05/2021 13:36:33,152.04,1,
11/05/2021 13:36:33,152.04,100,
11/05/2021 13:36:33,152.04,4,
11/05/2021 13:36:33,152.03,200,
11/05/2021 13:36:33,152.03,100,
11/05/2021 13:36:33,152.03,100,
11/05/2021 13:36:34,152.04,100,
11/05/2021 13:36:34,152.03,100,
11/05/2021 13:36:34,152.04,100,
11/05/2021 13:36:34,152.04,30,
11/05/2021 13:36:34,152.04,70,
11/05/2021 13:36:34,152.05,100,
11/05/2021 13:36:34,152.05,100,
11/05/2021 13:36:36,152.03,1,
11/05/2021 13:36:36,152.03,99,
11/05/2021 13:36:37,152.01,100,
11/05/2021 13:36:37,152.01,500,
11/05/2021 13:36:39,151.95,200,
11/05/2021 13:36:39,151.93,100,
11/05/2021 13:36:39,151.92,2,
11/05/2021 13:36:39,151.91,100,
11/05/2021 13:36:39,151.91,100,
11/05/2021 13:36:39,151.9,100,
11/05/2021 13:36:39,151.89,25,
11/05/2021 13:36:39,151.89,26,
11/05/2021 13:36:39,151.89,25,
11/05/2021 13:36:39,151.9,100,
11/05/2021 13:36:39,151.9,68,
11/05/2021 13:36:39,151.9,100,
11/05/2021 13:36:39,151.89,5,
11/05/2021 13:36:39,151.89,5,
11/05/2021 13:36:39,151.89,50,
11/05/2021 13:36:39,151.89,50,
11/05/2021 13:36:39,151.88,200,
11/05/2021 13:36:39,151.89,100,
11/05/2021 13:36:39,151.89,6,
11/05/2021 13:36:39,151.89,94,
11/05/2021 13:36:39,151.89,100,
11/05/2021 13:36:40,151.89,100,
11/05/2021 13:36:40,151.9,100,
11/05/2021 13:36:40,151.91,100,
11/05/2021 13:36:40,151.91,100,
11/05/2021 13:36:40,151.91,100,
11/05/2021 13:36:43,151.88,7,
11/05/2021 13:36:43,151.88,93,
11/05/2021 13:36:44,151.89,10,
11/05/2021 13:36:47,151.88,71,
11/05/2021 13:36:49,151.87,100,
11/05/2021 13:36:49,151.87,63,
11/05/2021 13:36:49,151.87,37,
11/05/2021 13:36:49,151.85,5,
11/05/2021 13:36:49,151.84,100,
11/05/2021 13:36:50,151.86,43,
11/05/2021 13:36:52,151.86,100,
11/05/2021 13:36:52,151.85,100,
11/05/2021 13:36:54,151.85,100,
11/05/2021 13:36:54,151.85,35,
11/05/2021 13:36:54,151.81,100,
11/05/2021 13:36:54,151.8,15,
11/05/2021 13:36:54,151.8,100,
11/05/2021 13:36:54,151.79,100,
11/05/2021 13:36:54,151.8,100,
11/05/2021 13:36:56,151.75,1000,
11/05/2021 13:36:56,151.75,100,
11/05/2021 13:36:56,151.76,100,
11/05/2021 13:36:56,151.76,100,
11/05/2021 13:36:56,151.76,100,
11/05/2021 13:36:56,151.76,84,
11/05/2021 13:36:56,151.76,200,
11/05/2021 13:36:56,151.77,100,
11/05/2021 13:36:56,151.77,100,
11/05/2021 13:36:56,151.76,63,
11/05/2021 13:36:56,151.76,100,
11/05/2021 13:36:57,151.77,7,
11/05/2021 13:36:57,151.77,93,
11/05/2021 13:36:57,151.77,100,
11/05/2021 13:36:58,151.78,100,
11/05/2021 13:36:58,151.78,100,
11/05/2021 13:36:59,151.79,100,
11/05/2021 13:36:59,151.79,100,
11/05/2021 13:36:59,151.79,100,
11/05/2021 13:36:59,151.79,50,
11/05/2021 13:36:59,151.79,50,
11/05/2021 13:36:59,151.79,100,
11/05/2021 13:37:00,151.78,100,
11/05/2021 13:37:01,151.79,100,
11/05/2021 13:37:01,151.79,100,
11/05/2021 13:37:01,151.78,100,
11/05/2021 13:37:03,151.81,17,
11/05/2021 13:37:03,151.8,41,
11/05/2021 13:37:03,151.8,159,
11/05/2021 13:37:03,151.8,100,
11/05/2021 13:37:03,151.79,100,
11/05/2021 13:37:03,151.78,2,
11/05/2021 13:37:03,151.79,100,
11/05/2021 13:37:03,151.78,100,
11/05/2021 13:37:03,151.77,100,
11/05/2021 13:37:03,151.79,6,
11/05/2021 13:37:03,151.78,18,
11/05/2021 13:37:03,151.78,18,
11/05/2021 13:37:03,151.78,64,
11/05/2021 13:37:03,151.78,2,
11/05/2021 13:37:03,151.78,3,
11/05/2021 13:37:04,151.78,100,
11/05/2021 13:37:04,151.78,100,
11/05/2021 13:37:07,151.8,100,
11/05/2021 13:37:07,151.79,50,
11/05/2021 13:37:08,151.78,100,
11/05/2021 13:37:08,151.79,100,
11/05/2021 13:37:09,151.8,100,
11/05/2021 13:37:13,151.81,100,
11/05/2021 13:37:13,151.8,200,
11/05/2021 13:37:13,151.8,97,
11/05/2021 13:37:13,151.8,74,
11/05/2021 13:37:13,151.81,4,
11/05/2021 13:37:13,151.81,74,
11/05/2021 13:37:13,151.81,100,
11/05/2021 13:37:13,151.82,100,
11/05/2021 13:37:13,151.82,100,
11/05/2021 13:37:13,151.82,57,
11/05/2021 13:37:15,151.82,90,
11/05/2021 13:37:15,151.82,10,
11/05/2021 13:37:16,151.81,51,
11/05/2021 13:37:16,151.81,100,
11/05/2021 13:37:16,151.81,100,
11/05/2021 13:37:16,151.81,49,
11/05/2021 13:37:17,151.82,100,
11/05/2021 13:37:17,151.82,187,
11/05/2021 13:37:17,151.82,2,
11/05/2021 13:37:19,151.8,80,
11/05/2021 13:37:19,151.8,4,
11/05/2021 13:37:22,151.76,1,
11/05/2021 13:37:22,151.76,130,
11/05/2021 13:37:23,151.75,100,
11/05/2021 13:37:24,151.76,100,
11/05/2021 13:37:25,151.75,100,
11/05/2021 13:37:25,151.74,1,
11/05/2021 13:37:28,151.74,100,
11/05/2021 13:37:29,151.75,100,
11/05/2021 13:37:30,151.75,100,
11/05/2021 13:37:30,151.76,74,
11/05/2021 13:37:30,151.76,26,
11/05/2021 13:37:30,151.78,100,
11/05/2021 13:37:32,151.81,3,
11/05/2021 13:37:32,151.82,100,
11/05/2021 13:37:32,151.82,100,
11/05/2021 13:37:32,151.83,100,
11/05/2021 13:37:32,151.82,400,
11/05/2021 13:37:34,151.82,8,
11/05/2021 13:37:34,151.82,92,
11/05/2021 13:37:34,151.83,100,
11/05/2021 13:37:34,151.82,100,
11/05/2021 13:37:35,151.83,100,
11/05/2021 13:37:35,151.83,100,
11/05/2021 13:37:35,151.83,100,
11/05/2021 13:37:37,151.83,100,
11/05/2021 13:37:41,151.82,100,
11/05/2021 13:37:41,151.81,100,
11/05/2021 13:37:42,151.8,1,
11/05/2021 13:37:43,151.79,12,
11/05/2021 13:37:43,151.79,56,
11/05/2021 13:37:43,151.79,100,
11/05/2021 13:37:44,151.79,18,
11/05/2021 13:37:44,151.79,74,
11/05/2021 13:37:45,151.79,100,
11/05/2021 13:37:49,151.79,200,
11/05/2021 13:37:49,151.8,1,
11/05/2021 13:37:49,151.8,100,
11/05/2021 13:37:49,151.8,100,
11/05/2021 13:37:49,151.81,100,
11/05/2021 13:37:50,151.79,92,
11/05/2021 13:37:50,151.79,16,
11/05/2021 13:37:51,151.79,100,
11/05/2021 13:37:51,151.79,2,
11/05/2021 13:37:54,151.8,50,
11/05/2021 13:37:54,151.8,50,
11/05/2021 13:37:58,151.8,100,
11/05/2021 13:37:58,151.8,57,
11/05/2021 13:37:58,151.8,5,
11/05/2021 13:37:58,151.8,61,
11/05/2021 13:37:58,151.8,112,
11/05/2021 13:37:59,151.82,100,
11/05/2021 13:37:59,151.83,100,
11/05/2021 13:37:59,151.83,50,
11/05/2021 13:38:00,151.85,100,
11/05/2021 13:38:02,151.84,38,
11/05/2021 13:38:02,151.84,62,
11/05/2021 13:38:03,151.84,100,
11/05/2021 13:38:03,151.84,100,
11/05/2021 13:38:03,151.83,100,
11/05/2021 13:38:03,151.83,100,
11/05/2021 13:38:03,151.83,100,
11/05/2021 13:38:03,151.83,100,
11/05/2021 13:38:03,151.83,1,
11/05/2021 13:38:03,151.83,82,
11/05/2021 13:38:03,151.83,100,
11/05/2021 13:38:03,151.83,100,
11/05/2021 13:38:03,151.83,100,
11/05/2021 13:38:03,151.83,100,
11/05/2021 13:38:03,151.83,100,
11/05/2021 13:38:03,151.83,100,
11/05/2021 13:38:03,151.83,100,
11/05/2021 13:38:03,151.83,100,
11/05/2021 13:38:03,151.83,100,
11/05/2021 13:38:03,151.83,100,
11/05/2021 13:38:03,151.83,32,
11/05/2021 13:38:03,151.83,21,
11/05/2021 13:38:03,151.83,100,
11/05/2021 13:38:03,151.83,19,
11/05/2021 13:38:03,151.83,100,
11/05/2021 13:38:03,151.83,100,
11/05/2021 13:38:03,151.83,100,
11/05/2021 13:38:03,151.83,100,
11/05/2021 13:38:03,151.83,100,
11/05/2021 13:38:03,151.83,82,
11/05/2021 13:38:03,151.83,70,
11/05/2021 13:38:03,151.83,100,
11/05/2021 13:38:03,151.83,100,
11/05/2021 13:38:04,151.83,10,
11/05/2021 13:38:05,151.83,100,
11/05/2021 13:38:05,151.83,100,
11/05/2021 13:38:05,151.83,100,
11/05/2021 13:38:05,151.83,100,
11/05/2021 13:38:05,151.84,100,
11/05/2021 13:38:05,151.84,100,
11/05/2021 13:38:06,151.83,100,
11/05/2021 13:38:06,151.83,82,
11/05/2021 13:38:06,151.83,100,
11/05/2021 13:38:06,151.83,100,
11/05/2021 13:38:06,151.83,100,
11/05/2021 13:38:06,151.83,52,
11/05/2021 13:38:06,151.85,21,
11/05/2021 13:38:07,151.85,1,
11/05/2021 13:38:07,151.86,3,
11/05/2021 13:38:09,151.87,50,
11/05/2021 13:38:09,151.87,100,
11/05/2021 13:38:09,151.85,87,
11/05/2021 13:38:10,151.87,50,
11/05/2021 13:38:10,151.87,400,
11/05/2021 13:38:10,151.88,100,
11/05/2021 13:38:10,151.88,100,
11/05/2021 13:38:12,151.89,18,
11/05/2021 13:38:12,151.89,82,
11/05/2021 13:38:12,151.89,100,
11/05/2021 13:38:12,151.89,100,
11/05/2021 13:38:12,151.88,21,
11/05/2021 13:38:12,151.89,100,
11/05/2021 13:38:12,151.88,79,
11/05/2021 13:38:13,151.87,100,
11/05/2021 13:38:13,151.88,90,
11/05/2021 13:38:14,151.85,100,
11/05/2021 13:38:14,151.85,100,
11/05/2021 13:38:16,151.84,100,
11/05/2021 13:38:16,151.83,1,
11/05/2021 13:38:18,151.8,100,
11/05/2021 13:38:18,151.8,200,
11/05/2021 13:38:18,151.8,4,
11/05/2021 13:38:18,151.8,100,
11/05/2021 13:38:18,151.79,5,
11/05/2021 13:38:18,151.79,11,
11/05/2021 13:38:18,151.79,284,
11/05/2021 13:38:18,151.78,33,
11/05/2021 13:38:18,151.78,67,
11/05/2021 13:38:18,151.78,100,
11/05/2021 13:38:18,151.77,100,
11/05/2021 13:38:18,151.77,178,
11/05/2021 13:38:18,151.77,100,
11/05/2021 13:38:18,151.78,100,
11/05/2021 13:38:18,151.78,100,
11/05/2021 13:38:21,151.75,2,
11/05/2021 13:38:21,151.76,100,
11/05/2021 13:38:21,151.76,94,
11/05/2021 13:38:21,151.76,6,
11/05/2021 13:38:21,151.73,185,
11/05/2021 13:38:21,151.73,15,
11/05/2021 13:38:22,151.71,100,
11/05/2021 13:38:22,151.71,1,
11/05/2021 13:38:22,151.71,100,
11/05/2021 13:38:22,151.71,50,
11/05/2021 13:38:22,151.73,100,
11/05/2021 13:38:22,151.75,14,
11/05/2021 13:38:22,151.75,50,
11/05/2021 13:38:22,151.75,100,
11/05/2021 13:38:23,151.75,6,
11/05/2021 13:38:24,151.73,100,
11/05/2021 13:38:25,151.71,48,
11/05/2021 13:38:25,151.71,52,
11/05/2021 13:38:25,151.71,100,
11/05/2021 13:38:25,151.72,100,
11/05/2021 13:38:26,151.74,100,
11/05/2021 13:38:26,151.74,100,
11/05/2021 13:38:27,151.74,100,
11/05/2021 13:38:29,151.73,100,
11/05/2021 13:38:29,151.74,50,
11/05/2021 13:38:30,151.77,10,
11/05/2021 13:38:31,151.77,100,
11/05/2021 13:38:32,151.76,50,
11/05/2021 13:38:33,151.77,15,
11/05/2021 13:38:34,151.78,93,
11/05/2021 13:38:34,151.78,7,
11/05/2021 13:38:35,151.77,50,
11/05/2021 13:38:35,151.77,100,
11/05/2021 13:38:37,151.73,100,
11/05/2021 13:38:37,151.73,50,
11/05/2021 13:38:37,151.73,3,
11/05/2021 13:38:37,151.73,97,
11/05/2021 13:38:37,151.73,3,
11/05/2021 13:38:37,151.73,100,
11/05/2021 13:38:37,151.73,50,
11/05/2021 13:38:37,151.72,100,
11/05/2021 13:38:38,151.73,100,
11/05/2021 13:38:39,151.73,100,
11/05/2021 13:38:39,151.73,100,
11/05/2021 13:38:40,151.72,3,
11/05/2021 13:38:41,151.72,100,
11/05/2021 13:38:41,151.72,20,
11/05/2021 13:38:41,151.72,80,
11/05/2021 13:38:42,151.7,100,
11/05/2021 13:38:42,151.7,1,
11/05/2021 13:38:42,151.7,99,
11/05/2021 13:38:42,151.7,38,
11/05/2021 13:38:43,151.7,50,
11/05/2021 13:38:43,151.7,150,
11/05/2021 13:38:43,151.7,100,
11/05/2021 13:38:43,151.7,100,
11/05/2021 13:38:43,151.7,83,
11/05/2021 13:38:43,151.7,17,
11/05/2021 13:38:43,151.7,96,
11/05/2021 13:38:43,151.7,4,
11/05/2021 13:38:46,151.67,100,
11/05/2021 13:38:46,151.67,100,
11/05/2021 13:38:46,151.67,100,
11/05/2021 13:38:48,151.67,10,
11/05/2021 13:38:48,151.67,90,
11/05/2021 13:38:48,151.67,90,
11/05/2021 13:38:51,151.68,100,
11/05/2021 13:38:51,151.68,91,
11/05/2021 13:38:51,151.68,9,
11/05/2021 13:38:51,151.69,26,
11/05/2021 13:38:53,151.69,100,
11/05/2021 13:38:53,151.7,100,
11/05/2021 13:38:54,151.7,1,
11/05/2021 13:38:54,151.7,43,
11/05/2021 13:38:55,151.7,100,
11/05/2021 13:38:55,151.7,4,
11/05/2021 13:38:55,151.7,26,
11/05/2021 13:38:55,151.7,100,
11/05/2021 13:38:57,151.69,2,
11/05/2021 13:38:57,151.7,100,
11/05/2021 13:38:57,151.68,7,
11/05/2021 13:38:57,151.69,100,
11/05/2021 13:38:57,151.7,100,
11/05/2021 13:38:57,151.7,16,
11/05/2021 13:38:57,151.68,100,
11/05/2021 13:38:57,151.67,1,
11/05/2021 13:38:57,151.67,54,
11/05/2021 13:38:57,151.67,32,
11/05/2021 13:38:57,151.67,77,
11/05/2021 13:38:58,151.67,7,
11/05/2021 13:38:59,151.66,100,
11/05/2021 13:38:59,151.66,100,
11/05/2021 13:38:59,151.66,100,
11/05/2021 13:38:59,151.67,100,
11/05/2021 13:38:59,151.67,50,
11/05/2021 13:38:59,151.67,50,
11/05/2021 13:38:59,151.68,100,
11/05/2021 13:38:59,151.68,100,
11/05/2021 13:39:00,151.69,50,
11/05/2021 13:39:00,151.7,30,
11/05/2021 13:39:00,151.69,100,
11/05/2021 13:39:01,151.7,100,
11/05/2021 13:39:01,151.72,100,
11/05/2021 13:39:01,151.73,100,
11/05/2021 13:39:02,151.74,9,
11/05/2021 13:39:03,151.75,100,
11/05/2021 13:39:03,151.74,10,
11/05/2021 13:39:03,151.74,100,
11/05/2021 13:39:03,151.74,100,
11/05/2021 13:39:03,151.74,100,
11/05/2021 13:39:03,151.74,100,
11/05/2021 13:39:03,151.74,2,
11/05/2021 13:39:04,151.75,100,
11/05/2021 13:39:04,151.75,50,
11/05/2021 13:39:05,151.73,100,
11/05/2021 13:39:05,151.73,100,
11/05/2021 13:39:05,151.69,300,
11/05/2021 13:39:06,151.7,100,
11/05/2021 13:39:06,151.71,100,
11/05/2021 13:39:06,151.71,100,
11/05/2021 13:39:07,151.7,100,
11/05/2021 13:39:07,151.69,100,
11/05/2021 13:39:07,151.68,100,
11/05/2021 13:39:08,151.67,200,
11/05/2021 13:39:08,151.67,100,
11/05/2021 13:39:08,151.67,100,
11/05/2021 13:39:08,151.67,100,
11/05/2021 13:39:08,151.67,165,
11/05/2021 13:39:09,151.68,100,
11/05/2021 13:39:10,151.68,100,
11/05/2021 13:39:10,151.68,100,
11/05/2021 13:39:11,151.66,100,
11/05/2021 13:39:11,151.66,100,
11/05/2021 13:39:11,151.66,100,
11/05/2021 13:39:11,151.67,146,
11/05/2021 13:39:11,151.67,43,
11/05/2021 13:39:11,151.68,100,
11/05/2021 13:39:11,151.69,346,
11/05/2021 13:39:14,151.68,100,
11/05/2021 13:39:15,151.67,1,
11/05/2021 13:39:15,151.68,1,
11/05/2021 13:39:15,151.68,1,
11/05/2021 13:39:15,151.68,1,
11/05/2021 13:39:15,151.68,1,
11/05/2021 13:39:16,151.68,200,
11/05/2021 13:39:16,151.67,50,
11/05/2021 13:39:16,151.67,50,
11/05/2021 13:39:17,151.67,1,
11/05/2021 13:39:18,151.66,3,
11/05/2021 13:39:19,151.65,1,
11/05/2021 13:39:19,151.64,9,
11/05/2021 13:39:19,151.64,91,
11/05/2021 13:39:19,151.63,100,
11/05/2021 13:39:19,151.63,9,
11/05/2021 13:39:19,151.63,8,
11/05/2021 13:39:19,151.62,78,
11/05/2021 13:39:19,151.62,22,
11/05/2021 13:39:19,151.62,100,
11/05/2021 13:39:20,151.62,3,
11/05/2021 13:39:20,151.62,2,
11/05/2021 13:39:20,151.62,2,
11/05/2021 13:39:20,151.62,2,
11/05/2021 13:39:20,151.62,4,
11/05/2021 13:39:20,151.62,6,
11/05/2021 13:39:20,151.62,9,
11/05/2021 13:39:20,151.61,100,
11/05/2021 13:39:21,151.61,100,
11/05/2021 13:39:21,151.61,43,
11/05/2021 13:39:23,151.6,492,
11/05/2021 13:39:23,151.6,114,
11/05/2021 13:39:23,151.6,394,
11/05/2021 13:39:23,151.6,100,
11/05/2021 13:39:23,151.6,2,
11/05/2021 13:39:23,151.6,98,
11/05/2021 13:39:23,151.6,902,
11/05/2021 13:39:23,151.61,50,
11/05/2021 13:39:24,151.63,100,
11/05/2021 13:39:24,151.63,100,
11/05/2021 13:39:25,151.68,100,
11/05/2021 13:39:25,151.68,30,
11/05/2021 13:39:25,151.68,100,
11/05/2021 13:39:25,151.68,39,
11/05/2021 13:39:26,151.7,100,
11/05/2021 13:39:26,151.7,13,
11/05/2021 13:39:26,151.7,77,
11/05/2021 13:39:26,151.7,13,
11/05/2021 13:39:26,151.69,20,
11/05/2021 13:39:26,151.69,4,
11/05/2021 13:39:27,151.72,100,
11/05/2021 13:39:27,151.72,100,
11/05/2021 13:39:29,151.74,1,
11/05/2021 13:39:29,151.74,100,
11/05/2021 13:39:31,151.73,100,
11/05/2021 13:39:31,151.73,100,
11/05/2021 13:39:31,151.73,100,
11/05/2021 13:39:32,151.75,50,
11/05/2021 13:39:32,151.75,50,
11/05/2021 13:39:32,151.75,36,
11/05/2021 13:39:34,151.73,100,
11/05/2021 13:39:34,151.73,100,
11/05/2021 13:39:34,151.73,100,
11/05/2021 13:39:35,151.72,20,
11/05/2021 13:39:37,151.73,100,
11/05/2021 13:39:37,151.73,2,
11/05/2021 13:39:37,151.73,98,
11/05/2021 13:39:38,151.73,4,
11/05/2021 13:39:38,151.73,168,
11/05/2021 13:39:39,151.75,100,
11/05/2021 13:39:39,151.76,100,
11/05/2021 13:39:41,151.77,58,
11/05/2021 13:39:41,151.77,42,
11/05/2021 13:39:41,151.77,50,
11/05/2021 13:39:42,151.78,100,
11/05/2021 13:39:43,151.78,100,
11/05/2021 13:39:43,151.78,92,
11/05/2021 13:39:43,151.78,98,
11/05/2021 13:39:43,151.78,2,
11/05/2021 13:39:43,151.78,100,
11/05/2021 13:39:44,151.77,100,
11/05/2021 13:39:44,151.77,100,
11/05/2021 13:39:44,151.77,100,
11/05/2021 13:39:45,151.76,93,
11/05/2021 13:39:46,151.76,100,
11/05/2021 13:39:46,151.76,7,
11/05/2021 13:39:47,151.75,100,
11/05/2021 13:39:48,151.75,100,
11/05/2021 13:39:48,151.76,100,
11/05/2021 13:39:49,151.76,100,
11/05/2021 13:39:49,151.77,41,
11/05/2021 13:39:49,151.77,59,
11/05/2021 13:39:49,151.77,100,
11/05/2021 13:39:49,151.76,100,
11/05/2021 13:39:50,151.76,98,
11/05/2021 13:39:50,151.76,98,
11/05/2021 13:39:50,151.76,2,
11/05/2021 13:39:52,151.75,100,
11/05/2021 13:39:54,151.74,100,
11/05/2021 13:39:54,151.73,300,
11/05/2021 13:39:54,151.73,100,
11/05/2021 13:39:56,151.7,6,
11/05/2021 13:39:56,151.7,94,
11/05/2021 13:39:56,151.7,100,
11/05/2021 13:39:58,151.73,100,
11/05/2021 13:39:58,151.74,17,
11/05/2021 13:39:59,151.74,100,
11/05/2021 13:39:59,151.73,100,
11/05/2021 13:40:00,151.72,100,
11/05/2021 13:40:00,151.73,100,
11/05/2021 13:40:00,151.73,473,
11/05/2021 13:40:00,151.74,100,
11/05/2021 13:40:00,151.75,50,
11/05/2021 13:40:00,151.75,100,
11/05/2021 13:40:00,151.77,100,
11/05/2021 13:40:00,151.76,100,
11/05/2021 13:40:01,151.72,100,
11/05/2021 13:40:01,151.71,100,
11/05/2021 13:40:02,151.71,17,
11/05/2021 13:40:02,151.73,100,
11/05/2021 13:40:03,151.77,13,
11/05/2021 13:40:04,151.78,178,
11/05/2021 13:40:05,151.81,100,
11/05/2021 13:40:06,151.81,17,
11/05/2021 13:40:06,151.81,83,
11/05/2021 13:40:06,151.81,100,
11/05/2021 13:40:06,151.82,100,
11/05/2021 13:40:06,151.82,100,
11/05/2021 13:40:06,151.81,100,
11/05/2021 13:40:06,151.81,100,
11/05/2021 13:40:06,151.81,100,
11/05/2021 13:40:06,151.81,100,
11/05/2021 13:40:06,151.81,100,
11/05/2021 13:40:07,151.82,100,
11/05/2021 13:40:07,151.82,20,
11/05/2021 13:40:07,151.81,80,
11/05/2021 13:40:07,151.82,100,
11/05/2021 13:40:07,151.81,100,
11/05/2021 13:40:07,151.8,100,
11/05/2021 13:40:07,151.8,100,
11/05/2021 13:40:08,151.8,14,
11/05/2021 13:40:09,151.78,100,
11/05/2021 13:40:10,151.77,50,
11/05/2021 13:40:11,151.75,100,
11/05/2021 13:40:11,151.75,100,
11/05/2021 13:40:11,151.75,100,
11/05/2021 13:40:11,151.79,100,
11/05/2021 13:40:11,151.79,400,
11/05/2021 13:40:11,151.79,50,
11/05/2021 13:40:11,151.8,100,
11/05/2021 13:40:11,151.8,100,
11/05/2021 13:40:13,151.79,100,
11/05/2021 13:40:13,151.79,100,
11/05/2021 13:40:14,151.73,100,
11/05/2021 13:40:14,151.74,62,
11/05/2021 13:40:15,151.74,100,
11/05/2021 13:40:16,151.75,100,
11/05/2021 13:40:16,151.75,58,
11/05/2021 13:40:18,151.78,100,
11/05/2021 13:40:18,151.78,82,
11/05/2021 13:40:18,151.78,17,
11/05/2021 13:40:21,151.75,20,
11/05/2021 13:40:21,151.75,80,
11/05/2021 13:40:21,151.74,1,
11/05/2021 13:40:21,151.74,1,
11/05/2021 13:40:23,151.73,100,
11/05/2021 13:40:24,151.71,100,
11/05/2021 13:40:24,151.71,100,
11/05/2021 13:40:24,151.71,50,
11/05/2021 13:40:26,151.7,100,
11/05/2021 13:40:26,151.7,30,
11/05/2021 13:40:26,151.7,70,
11/05/2021 13:40:26,151.71,100,
11/05/2021 13:40:26,151.71,100,
11/05/2021 13:40:27,151.72,100,
11/05/2021 13:40:29,151.71,100,
11/05/2021 13:40:30,151.69,100,
11/05/2021 13:40:30,151.69,2,
11/05/2021 13:40:30,151.7,100,
11/05/2021 13:40:30,151.7,100,
11/05/2021 13:40:30,151.7,100,
11/05/2021 13:40:30,151.69,100,
11/05/2021 13:40:30,151.69,100,
11/05/2021 13:40:31,151.68,100,
11/05/2021 13:40:31,151.69,10,
11/05/2021 13:40:32,151.68,100,
11/05/2021 13:40:32,151.68,100,
11/05/2021 13:40:32,151.67,100,
11/05/2021 13:40:32,151.66,725,
11/05/2021 13:40:32,151.68,100,
11/05/2021 13:40:34,151.71,100,
11/05/2021 13:40:34,151.71,100,
11/05/2021 13:40:34,151.69,100,
11/05/2021 13:40:35,151.69,100,
11/05/2021 13:40:35,151.68,40,
11/05/2021 13:40:35,151.68,36,
11/05/2021 13:40:35,151.68,64,
11/05/2021 13:40:35,151.67,9,
11/05/2021 13:40:35,151.67,91,
11/05/2021 13:40:36,151.66,11,
11/05/2021 13:40:36,151.66,2,
11/05/2021 13:40:37,151.67,100,
11/05/2021 13:40:38,151.66,2,
11/05/2021 13:40:38,151.65,317,
11/05/2021 13:40:38,151.65,83,
11/05/2021 13:40:38,151.65,100,
11/05/2021 13:40:38,151.65,100,
11/05/2021 13:40:38,151.65,100,
11/05/2021 13:40:38,151.66,66,
11/05/2021 13:40:38,151.66,13,
11/05/2021 13:40:38,151.66,84,
11/05/2021 13:40:38,151.66,51,
11/05/2021 13:40:38,151.66,49,
11/05/2021 13:40:38,151.67,79,
11/05/2021 13:40:38,151.67,58,
11/05/2021 13:40:38,151.67,42,
11/05/2021 13:40:38,151.67,31,
11/05/2021 13:40:39,151.67,100,
11/05/2021 13:40:39,151.67,100,
11/05/2021 13:40:40,151.67,100,
11/05/2021 13:40:40,151.67,100,
11/05/2021 13:40:40,151.66,100,
11/05/2021 13:40:40,151.66,2,
11/05/2021 13:40:40,151.65,100,
11/05/2021 13:40:40,151.65,2,
11/05/2021 13:40:41,151.65,398,
11/05/2021 13:40:41,151.65,61,
11/05/2021 13:40:41,151.67,21,
11/05/2021 13:40:41,151.67,91,
11/05/2021 13:40:45,151.67,1,
11/05/2021 13:40:45,151.68,18,
11/05/2021 13:40:45,151.68,11,
11/05/2021 13:40:46,151.68,100,
11/05/2021 13:40:47,151.69,100,
11/05/2021 13:40:48,151.7,100,
11/05/2021 13:40:48,151.71,100,
11/05/2021 13:40:48,151.71,100,
11/05/2021 13:40:48,151.73,100,
11/05/2021 13:40:49,151.73,100,
11/05/2021 13:40:49,151.73,100,
11/05/2021 13:40:50,151.74,100,
11/05/2021 13:40:50,151.73,100,
11/05/2021 13:40:50,151.73,68,
11/05/2021 13:40:53,151.71,100,
11/05/2021 13:40:54,151.7,90,
11/05/2021 13:40:54,151.7,10,
11/05/2021 13:40:54,151.7,1,
11/05/2021 13:40:54,151.7,17,
11/05/2021 13:40:55,151.69,45,
11/05/2021 13:40:55,151.69,55,
11/05/2021 13:40:55,151.69,100,
11/05/2021 13:40:55,151.69,100,
11/05/2021 13:40:56,151.68,100,
11/05/2021 13:40:56,151.68,100,
11/05/2021 13:40:56,151.68,100,
11/05/2021 13:40:56,151.68,81,
11/05/2021 13:40:56,151.67,100,
11/05/2021 13:40:56,151.68,36,
11/05/2021 13:40:56,151.68,100,
11/05/2021 13:40:56,151.68,100,
11/05/2021 13:40:56,151.68,100,
11/05/2021 13:40:56,151.68,100,
11/05/2021 13:40:56,151.68,100,
11/05/2021 13:40:56,151.68,100,
11/05/2021 13:40:57,151.69,100,
11/05/2021 13:40:59,151.69,159,
11/05/2021 13:40:59,151.69,100,
11/05/2021 13:40:59,151.69,41,
11/05/2021 13:40:59,151.69,2,
11/05/2021 13:40:59,151.7,28,
11/05/2021 13:41:00,151.69,100,
11/05/2021 13:41:00,151.69,5,
11/05/2021 13:41:00,151.69,100,
11/05/2021 13:41:00,151.68,100,
11/05/2021 13:41:00,151.68,100,
11/05/2021 13:41:01,151.69,3,
11/05/2021 13:41:01,151.67,100,
11/05/2021 13:41:01,151.67,100,
11/05/2021 13:41:02,151.67,40,
11/05/2021 13:41:04,151.65,100,
11/05/2021 13:41:04,151.655,72,
11/05/2021 13:41:04,151.655,56,
11/05/2021 13:41:04,151.66,71,
11/05/2021 13:41:04,151.66,10,
11/05/2021 13:41:04,151.66,56,
11/05/2021 13:41:04,151.66,8,
11/05/2021 13:41:04,151.66,91,
11/05/2021 13:41:04,151.66,100,
11/05/2021 13:41:04,151.67,100,
11/05/2021 13:41:04,151.67,100,
11/05/2021 13:41:04,151.67,133,
11/05/2021 13:41:05,151.67,96,
11/05/2021 13:41:05,151.66,100,
11/05/2021 13:41:06,151.66,100,
11/05/2021 13:41:06,151.66,2,
11/05/2021 13:41:07,151.66,100,
11/05/2021 13:41:07,151.66,100,
11/05/2021 13:41:07,151.66,12,
11/05/2021 13:41:08,151.66,97,
11/05/2021 13:41:08,151.66,200,
11/05/2021 13:41:08,151.66,100,
11/05/2021 13:41:09,151.67,100,
11/05/2021 13:41:09,151.67,100,
11/05/2021 13:41:10,151.69,100,
11/05/2021 13:41:10,151.7,100,
11/05/2021 13:41:10,151.7,100,
11/05/2021 13:41:10,151.7,100,
11/05/2021 13:41:10,151.7,100,
11/05/2021 13:41:10,151.7,100,
11/05/2021 13:41:10,151.69,52,
11/05/2021 13:41:10,151.69,100,
11/05/2021 13:41:11,151.69,100,
11/05/2021 13:41:12,151.67,29,
11/05/2021 13:41:12,151.66,100,
11/05/2021 13:41:12,151.66,100,
11/05/2021 13:41:12,151.66,100,
11/05/2021 13:41:12,151.65,100,
11/05/2021 13:41:12,151.66,41,
11/05/2021 13:41:12,151.66,59,
11/05/2021 13:41:12,151.68,2,
11/05/2021 13:41:14,151.7,100,
11/05/2021 13:41:14,151.71,100,
11/05/2021 13:41:14,151.72,100,
11/05/2021 13:41:17,151.74,16,
11/05/2021 13:41:17,151.74,16,
11/05/2021 13:41:17,151.75,100,
11/05/2021 13:41:18,151.75,100,
11/05/2021 13:41:19,151.75,42,
11/05/2021 13:41:23,151.77,10,
11/05/2021 13:41:23,151.78,100,
11/05/2021 13:41:24,151.76,100,
11/05/2021 13:41:24,151.76,100,
11/05/2021 13:41:24,151.77,25,
11/05/2021 13:41:24,151.77,75,
11/05/2021 13:41:24,151.77,100,
11/05/2021 13:41:24,151.775,100,
11/05/2021 13:41:25,151.79,100,
11/05/2021 13:41:25,151.79,100,
11/05/2021 13:41:25,151.79,100,
11/05/2021 13:41:25,151.79,12,
11/05/2021 13:41:25,151.79,2,
11/05/2021 13:41:26,151.79,100,
11/05/2021 13:41:27,151.78,12,
11/05/2021 13:41:27,151.78,100,
11/05/2021 13:41:27,151.78,100,
11/05/2021 13:41:27,151.78,100,
11/05/2021 13:41:28,151.77,100,
11/05/2021 13:41:28,151.77,200,
11/05/2021 13:41:28,151.75,200,
11/05/2021 13:41:28,151.74,100,
11/05/2021 13:41:29,151.72,1,
11/05/2021 13:41:29,151.72,51,
11/05/2021 13:41:29,151.72,7,
11/05/2021 13:41:29,151.73,100,
11/05/2021 13:41:29,151.74,100,
11/05/2021 13:41:30,151.74,100,
11/05/2021 13:41:31,151.75,34,
11/05/2021 13:41:31,151.75,100,
11/05/2021 13:41:31,151.75,100,
11/05/2021 13:41:31,151.75,100,
11/05/2021 13:41:31,151.75,2,
11/05/2021 13:41:31,151.75,100,
11/05/2021 13:41:33,151.74,100,
11/05/2021 13:41:34,151.73,44,
11/05/2021 13:41:34,151.73,156,
11/05/2021 13:41:34,151.73,544,
11/05/2021 13:41:34,151.71,100,
11/05/2021 13:41:36,151.72,100,
11/05/2021 13:41:37,151.72,100,
11/05/2021 13:41:37,151.72,100,
11/05/2021 13:41:37,151.71,1,
11/05/2021 13:41:37,151.71,99,
11/05/2021 13:41:37,151.7,6,
11/05/2021 13:41:38,151.71,100,
11/05/2021 13:41:38,151.72,2,
11/05/2021 13:41:38,151.72,98,
11/05/2021 13:41:38,151.72,100,
11/05/2021 13:41:39,151.72,100,
11/05/2021 13:41:39,151.72,100,
11/05/2021 13:41:39,151.72,11,
11/05/2021 13:41:40,151.71,2,
11/05/2021 13:41:40,151.7,95,
11/05/2021 13:41:40,151.7,2,
11/05/2021 13:41:41,151.67,100,
11/05/2021 13:41:41,151.67,100,
11/05/2021 13:41:41,151.66,28,
11/05/2021 13:41:41,151.66,100,
11/05/2021 13:41:42,151.66,100,
11/05/2021 13:41:43,151.65,200,
11/05/2021 13:41:43,151.65,28,
11/05/2021 13:41:43,151.65,100,
11/05/2021 13:41:45,151.65,30,
11/05/2021 13:41:46,151.65,15,
11/05/2021 13:41:46,151.65,51,
11/05/2021 13:41:46,151.65,51,
11/05/2021 13:41:47,151.65,100,
11/05/2021 13:41:48,151.65,100,
11/05/2021 13:41:48,151.65,100,
11/05/2021 13:41:48,151.65,12,
11/05/2021 13:41:49,151.65,100,
11/05/2021 13:41:49,151.65,1,
11/05/2021 13:41:49,151.65,32,
11/05/2021 13:41:50,151.67,100,
11/05/2021 13:41:50,151.67,100,
11/05/2021 13:41:50,151.67,100,
11/05/2021 13:41:50,151.67,100,
11/05/2021 13:41:50,151.67,27,
11/05/2021 13:41:50,151.67,100,
11/05/2021 13:41:50,151.68,100,
11/05/2021 13:41:50,151.68,100,
11/05/2021 13:41:51,151.7,100,
11/05/2021 13:41:51,151.7,4,
11/05/2021 13:41:52,151.68,100,
11/05/2021 13:41:52,151.68,100,
11/05/2021 13:41:52,151.68,100,
11/05/2021 13:41:53,151.67,100,
11/05/2021 13:41:53,151.66,100,
11/05/2021 13:41:53,151.68,74,
11/05/2021 13:41:53,151.68,26,
11/05/2021 13:41:53,151.68,74,
11/05/2021 13:41:55,151.65,100,
11/05/2021 13:41:55,151.65,100,
11/05/2021 13:41:55,151.65,98,
11/05/2021 13:41:55,151.65,2,
11/05/2021 13:41:55,151.65,100,
11/05/2021 13:41:55,151.65,100,
11/05/2021 13:41:55,151.65,92,
11/05/2021 13:41:55,151.65,8,
11/05/2021 13:41:55,151.65,100,
11/05/2021 13:41:55,151.65,100,
11/05/2021 13:41:55,151.66,10,
11/05/2021 13:41:56,151.66,100,
11/05/2021 13:41:56,151.65,35,
11/05/2021 13:41:56,151.65,65,
11/05/2021 13:41:57,151.66,100,
11/05/2021 13:41:58,151.66,100,
11/05/2021 13:41:58,151.66,100,
11/05/2021 13:41:59,151.66,100,
11/05/2021 13:41:59,151.65,100,
11/05/2021 13:41:59,151.66,100,
11/05/2021 13:41:59,151.66,100,
11/05/2021 13:41:59,151.66,100,
11/05/2021 13:42:00,151.645,100,
11/05/2021 13:42:01,151.65,100,
