Date,Vwap,Volume,Score,Vwap_adjusted,Volume_adjusted,Score_adjusted
2020-09-22,7.6902,5661293.0,0.0,7.6902,5661293.0,0.0
2020-09-23,7.6694,6344479.0,0.0,7.6694,6344479.0,0.0
2020-09-24,7.4429,6682120.0,0.0,7.4429,6682120.0,0.0
2020-09-25,7.1901,9706968.0,0.0,7.1901,9706968.0,0.0
2020-09-28,7.5295,8063089.0,0.0,7.5295,8063089.0,0.0
2020-09-29,7.4488,4163254.0,0.0,7.4488,4163254.0,0.0
2020-09-30,7.4618,5046335.0,0.0,7.4618,5046335.0,0.0
2020-10-01,7.3909,5296791.0,0.0,7.3909,5296791.0,0.0
2020-10-02,7.2165,5890246.0,0.0,7.2165,5890246.0,0.0
2020-10-05,7.379,4701852.0,0.0,7.379,4701852.0,0.0
2020-10-06,7.6934,7433846.0,0.0,7.6934,7433846.0,0.0
2020-10-07,7.6752,6793383.0,0.0,7.6752,6793383.0,0.0
2020-10-08,7.7886,4523966.0,0.0,7.7886,4523966.0,0.0
2020-10-09,7.6859,5917701.0,0.0,7.6859,5917701.0,0.0
2020-10-12,7.701,4407030.0,0.0,7.701,4407030.0,0.0
2020-10-13,7.4644,5817785.0,0.0,7.4644,5817785.0,0.0
2020-10-14,7.5009,3390669.0,0.0,7.5009,3390669.0,0.0
2020-10-15,7.2145,8410663.0,0.0,7.2145,8410663.0,0.0
2020-10-16,7.305,7058929.0,0.0,7.305,7058929.0,0.0
2020-10-19,7.3766,3117802.0,0.0,7.3766,3117802.0,0.0
2020-10-20,7.4333,4761614.0,0.0,7.4333,4761614.0,0.0
2020-10-21,7.3887,4209329.0,0.0,7.3887,4209329.0,0.0
2020-10-22,7.3248,4808573.0,0.0,7.3248,4808573.0,0.0
2020-10-23,7.5254,4812904.0,0.0,7.5254,4812904.0,0.0
2020-10-26,7.385,5742545.0,0.0,7.385,5742545.0,0.0
2020-10-27,7.1299,7725116.0,0.0,7.1299,7725116.0,0.0
2020-10-28,6.7162,11676944.0,0.0,6.7162,11676944.0,0.0
2020-10-29,6.6424,8725304.0,0.0,6.6424,8725304.0,0.0
2020-10-30,6.7282,6559964.0,0.0,6.7282,6559964.0,0.0
2020-11-02,6.9343,5612951.0,0.0,6.9343,5612951.0,0.0
2020-11-03,7.2903,12646540.0,0.0,7.2903,12646540.0,0.0
2020-11-04,7.3554,7999349.0,0.0,7.3554,7999349.0,0.0
2020-11-05,7.4724,7188295.0,0.0,7.4724,7188295.0,0.0
2020-11-06,7.4893,6323426.0,0.0,7.4893,6323426.0,0.0
2020-11-09,8.2196,19934709.0,0.0,8.2196,19934709.0,0.0
2020-11-10,8.7428,19264718.0,0.0,8.7428,19264718.0,0.0
2020-11-11,8.7795,8502072.0,0.0,8.7795,8502072.0,0.0
2020-11-12,8.4918,8483692.0,0.0,8.4918,8483692.0,0.0
2020-11-13,8.5986,10049235.0,0.0,8.5986,10049235.0,0.0
2020-11-16,8.8412,12781132.0,0.0,8.8412,12781132.0,0.0
2020-11-17,8.7522,8032282.0,0.0,8.7522,8032282.0,0.0
2020-11-18,8.8949,7221409.0,0.0,8.8949,7221409.0,0.0
2020-11-19,8.8312,6998034.0,0.0,8.8312,6998034.0,0.0
2020-11-20,8.9634,7467662.0,0.0,8.9634,7467662.0,0.0
2020-11-23,9.2629,11905295.0,0.0,9.2629,11905295.0,0.0
2020-11-24,9.6861,12483962.0,0.0,9.6861,12483962.0,0.0
2020-11-25,9.8231,10033624.0,0.0,9.8231,10033624.0,0.0
2020-11-26,9.8262,5180133.0,0.0,9.8262,5180133.0,0.0
2020-11-27,9.8806,4981468.0,0.0,9.8806,4981468.0,0.0
2020-11-30,9.7052,9394905.0,0.0,9.7052,9394905.0,0.0
2020-12-01,10.0642,11089881.0,0.0,10.0642,11089881.0,0.0
2020-12-02,10.271,7725943.0,0.0,10.271,7725943.0,0.0
2020-12-03,10.4682,10885144.0,0.0,10.4682,10885144.0,0.0
2020-12-04,10.9225,16372534.0,0.0,10.9225,16372534.0,0.0
2020-12-07,10.8083,12565304.0,0.0,10.8083,12565304.0,0.0
2020-12-08,10.4836,9485082.0,0.0,10.4836,9485082.0,0.0
2020-12-09,10.5198,6508126.0,0.0,10.5198,6508126.0,0.0
2020-12-10,10.3914,7929060.0,0.0,10.3914,7929060.0,0.0
2020-12-11,10.2574,7230892.0,0.0,10.2574,7230892.0,0.0
2020-12-14,10.5473,7641567.0,0.0,10.5473,7641567.0,0.0
2020-12-15,10.6615,6607022.0,0.0,10.6615,6607022.0,0.0
2020-12-16,10.558,6065612.0,0.0,10.558,6065612.0,0.0
2020-12-17,10.4942,4232976.0,0.0,10.4942,4232976.0,0.0
2020-12-18,10.415,15253241.0,0.0,10.415,15253241.0,0.0
2020-12-21,9.9068,8045814.0,0.0,9.9068,8045814.0,0.0
2020-12-22,10.1408,3667545.0,0.0,10.1408,3667545.0,0.0
2020-12-23,10.3996,4276711.0,0.0,10.3996,4276711.0,0.0
2020-12-24,10.5438,1233419.0,0.0,10.5438,1233419.0,0.0
2020-12-28,10.4822,2181426.0,0.0,10.4822,2181426.0,0.0
2020-12-29,10.4435,2182368.0,0.0,10.4435,2182368.0,0.0
2020-12-30,10.399,1732765.0,0.0,10.399,1732765.0,0.0
2020-12-31,10.3312,946658.0,0.0,10.3312,946658.0,0.0
2021-01-04,10.27,4117439.0,0.0,10.27,4117439.0,0.0
2021-01-05,10.2617,3519426.0,0.0,10.2617,3519426.0,0.0
2021-01-06,10.645,7687827.0,0.0,10.645,7687827.0,0.0
2021-01-07,10.6769,6240088.0,0.0,10.6769,6240088.0,0.0
2021-01-08,10.6619,4542555.0,0.0,10.6619,4542555.0,0.0
2021-01-11,10.5473,3971126.0,0.0,10.5473,3971126.0,0.0
2021-01-12,10.6685,4244430.0,0.0,10.6685,4244430.0,0.0
2021-01-13,10.6136,2850076.0,0.0,10.6136,2850076.0,0.0
2021-01-14,10.4726,6642989.0,0.0,10.4726,6642989.0,0.0
2021-01-15,10.2375,6755887.0,0.0,10.2375,6755887.0,0.0
2021-01-18,10.2469,3691499.0,0.0,10.2469,3691499.0,0.0
2021-01-19,10.0993,5250926.0,0.0,10.0993,5250926.0,0.0
2021-01-20,10.179,3885627.0,0.0,10.179,3885627.0,0.0
2021-01-21,10.091,4516395.0,0.0,10.091,4516395.0,0.0
2021-01-22,9.8975,6690317.0,0.0,9.8975,6690317.0,0.0
2021-01-25,9.5933,8198021.0,0.0,9.5933,8198021.0,0.0
2021-01-26,9.6586,5039103.0,0.0,9.6586,5039103.0,0.0
2021-01-27,9.4569,6272917.0,0.0,9.4569,6272917.0,0.0
2021-01-28,9.476,5739909.0,0.0,9.476,5739909.0,0.0
2021-01-29,9.3975,5555099.0,0.0,9.3975,5555099.0,0.0
2021-02-01,9.5283,4016572.0,0.0,9.5283,4016572.0,0.0
2021-02-02,9.7527,5459591.0,0.0,9.7527,5459591.0,0.0
2021-02-03,9.9265,5196763.0,0.0,9.9265,5196763.0,0.0
2021-02-04,9.8927,5486209.0,0.0,9.8927,5486209.0,0.0
2021-02-05,10.1518,6299286.0,0.0,10.1518,6299286.0,0.0
2021-02-08,10.2466,4496577.0,0.0,10.2466,4496577.0,0.0
2021-02-09,10.1406,3502396.0,0.0,10.1406,3502396.0,0.0
2021-02-10,10.2482,4810550.0,0.0,10.2482,4810550.0,0.0
2021-02-11,10.6902,10334538.0,0.0,10.6902,10334538.0,0.0
2021-02-12,10.7981,8015822.0,0.0,10.7981,8015822.0,0.0
2021-02-15,11.1125,6426088.0,0.0,11.1125,6426088.0,0.0
2021-02-16,11.1532,4458153.0,0.0,11.1532,4458153.0,0.0
2021-02-17,11.2513,7099996.0,0.0,11.2513,7099996.0,0.0
2021-02-18,11.0684,4914085.0,0.0,11.0684,4914085.0,0.0
2021-02-19,11.2697,6087384.0,0.0,11.2697,6087384.0,0.0
2021-02-22,11.3824,5358893.0,0.0,11.3824,5358893.0,0.0
2021-02-23,11.389,5438566.0,0.0,11.389,5438566.0,0.0
2021-02-24,11.6339,6010470.0,0.0,11.6339,6010470.0,0.0
2021-02-25,11.8533,6001904.0,0.0,11.8533,6001904.0,0.0
2021-02-26,11.6464,8096478.0,0.0,11.6464,8096478.0,0.0
2021-03-01,11.7831,4535506.0,0.0,11.7831,4535506.0,0.0
2021-03-02,11.9505,4915968.0,0.0,11.9505,4915968.0,0.0
2021-03-03,12.1976,6925836.0,0.0,12.1976,6925836.0,0.0
2021-03-04,12.099,5207706.0,0.0,12.099,5207706.0,0.0
2021-03-05,12.0849,6628515.0,0.0,12.0849,6628515.0,0.0
2021-03-08,12.5383,7462369.0,0.0,12.5383,7462369.0,0.0
2021-03-09,12.3655,6749023.0,0.0,12.3655,6749023.0,0.0
2021-03-10,12.4429,4787716.0,0.0,12.4429,4787716.0,0.0
2021-03-11,12.1957,6110204.0,0.0,12.1957,6110204.0,0.0
2021-03-12,12.3118,3157384.0,0.0,12.3118,3157384.0,0.0
2021-03-15,12.1952,4017702.0,0.0,12.1952,4017702.0,0.0
2021-03-16,12.1721,5597902.0,0.0,12.1721,5597902.0,0.0
2021-03-17,12.198,5049608.0,0.0,12.198,5049608.0,0.0
2021-03-18,12.4264,5407292.0,0.0,12.4264,5407292.0,0.0
2021-03-19,11.6525,10659284.0,0.0,11.6525,10659284.0,0.0
2021-03-22,12.0839,4954036.0,0.0,12.0839,4954036.0,0.0
2021-03-23,11.907,3840905.0,0.0,11.907,3840905.0,0.0
2021-03-24,11.944,4585774.0,0.0,11.944,4585774.0,0.0
2021-03-25,11.9933,3805523.0,0.0,11.9933,3805523.0,0.0
2021-03-26,12.244,4847944.0,0.0,12.244,4847944.0,0.0
2021-03-29,12.1841,4566466.0,0.0,12.1841,4566466.0,0.0
2021-03-30,12.4313,4767459.0,0.0,12.4313,4767459.0,0.0
2021-03-31,12.3776,4747715.0,0.0,12.3776,4747715.0,0.0
2021-04-01,12.3917,4647877.0,0.0,12.3917,4647877.0,0.0
2021-04-06,12.497,4387584.0,0.0,12.497,4387584.0,0.0
2021-04-07,12.4953,3762452.0,0.0,12.4953,3762452.0,0.0
2021-04-08,12.5137,4794443.0,0.0,12.5137,4794443.0,0.0
2021-04-09,12.5304,3736365.0,0.0,12.5304,3736365.0,0.0
2021-04-12,12.5227,3848008.0,0.0,12.5227,3848008.0,0.0
2021-04-13,12.56,3984271.0,0.0,12.56,3984271.0,0.0
2021-04-14,12.5708,3248519.0,0.0,12.5708,3248519.0,0.0
2021-04-15,12.4931,4381958.0,0.0,12.4931,4381958.0,0.0
2021-04-16,12.4843,5678361.0,0.0,12.4843,5678361.0,0.0
2021-04-19,12.5441,3764324.0,0.0,12.5441,3764324.0,0.0
2021-04-20,12.284,7148967.0,0.0,12.284,7148967.0,0.0
2021-04-21,11.4489,5772349.0,0.0,11.4489,5772349.0,0.0
2021-04-22,12.1298,2881778.0,0.0,12.1298,2881778.0,0.0
2021-04-23,12.1289,2807147.0,0.0,12.1289,2807147.0,0.0
2021-04-26,12.3842,5871406.0,0.0,12.3842,5871406.0,0.0
2021-04-27,12.5433,4320724.0,0.0,12.5433,4320724.0,0.0
2021-04-28,12.7404,4678823.0,0.0,12.7404,4678823.0,0.0
2021-04-29,12.8742,5417143.0,0.0,12.8742,5417143.0,0.0
2021-04-30,12.8679,5153704.0,0.0,12.8679,5153704.0,0.0
2021-05-03,12.8981,3097861.0,0.0,12.8981,3097861.0,0.0
2021-05-04,12.8673,6011958.0,0.0,12.8673,6011958.0,0.0
2021-05-05,12.9804,3376993.0,0.0,12.9804,3376993.0,0.0
2021-05-06,13.067,5708081.0,0.0,13.067,5708081.0,0.0
2021-05-07,12.7358,8062219.0,0.0,12.7358,8062219.0,0.0
2021-05-10,13.2861,8060924.0,0.0,13.2861,8060924.0,0.0
2021-05-11,12.7825,7520853.0,0.0,12.7825,7520853.0,0.0
2021-05-12,12.6767,7016267.0,0.0,12.6767,7016267.0,0.0
2021-05-13,13.1429,6105588.0,0.0,13.1429,6105588.0,0.0
2021-05-14,11.9479,7034493.0,0.0,11.9479,7034493.0,0.0
2021-05-17,11.2349,11850975.0,0.0,11.2349,11850975.0,0.0
2021-05-18,12.473,7090977.0,0.0,12.473,7090977.0,0.0
2021-05-19,12.1517,8868513.0,0.0,11.3517,8868513.0,0.0
2021-05-20,12.1682,4848451.0,0.0,11.367113732234996,4848451.0,0.0
2021-05-21,12.4018,5917354.0,0.0,11.585334814058937,5917354.0,0.0
2021-05-24,12.224,3206548.0,0.0,11.419240172156982,3206548.0,0.0
2021-05-25,12.1513,5457137.0,0.0,11.351326333764,5457137.0,0.0
2021-05-26,11.9449,5853628.0,0.0,11.15851455598805,5853628.0,0.0
2021-05-27,12.1193,9782515.0,0.0,11.321433034884008,9782515.0,0.0
2021-05-28,12.3054,6460043.0,0.0,11.495281251182963,6460043.0,0.0
2021-05-31,12.2302,3429683.0,0.0,11.42503199881498,3429683.0,0.0
2021-06-01,12.4396,5972634.0,0.0,11.62064627336093,5972634.0,0.0
2021-06-02,12.3685,4104587.0,0.0,11.554227099911945,4104587.0,0.0
2021-06-03,12.2895,5829727.0,0.0,11.480428018301966,5829727.0,0.0
2021-06-04,12.3646,5669860.0,0.0,11.550583854110947,5669860.0,0.0
2021-06-07,12.4395,5015939.0,0.0,11.620552856801929,5015939.0,0.0
2021-06-08,12.2628,7289748.0,0.0,11.455485797048972,7289748.0,0.0
2021-06-09,12.1068,5502747.0,0.0,11.30975596500901,5502747.0,0.0
2021-06-10,12.4001,12771182.0,0.0,11.58374673255594,12771182.0,0.0
2021-06-11,12.3555,6315072.0,0.0,11.542082947241948,6315072.0,0.0
2021-06-14,12.4534,5279276.0,0.0,11.633537758502925,5279276.0,0.0
2021-06-15,12.4463,5787954.0,0.0,11.626905182813928,5787954.0,0.0
2021-06-16,12.2846,5840864.0,0.0,11.475850606910965,5840864.0,0.0
2021-06-17,12.4367,7223843.0,0.0,11.61793719314993,7223843.0,0.0
2021-06-18,12.0271,21094436.0,0.0,11.235302967486032,21094436.0,0.0
2021-06-21,11.7657,7182645.0,0.0,10.991112082260095,7182645.0,0.0
2021-06-22,11.8757,7310185.0,0.0,11.093870297160068,7310185.0,0.0
2021-06-23,11.777,6591622.0,0.0,11.001668153427092,6591622.0,0.0
2021-06-24,11.8592,6617629.0,0.0,11.078456564925071,6617629.0,0.0
2021-06-25,11.9515,5712663.0,0.0,11.164680048882047,5712663.0,0.0
2021-06-28,11.846,5131372.0,0.0,11.066125579137076,5131372.0,0.0
2021-06-29,11.9576,5799383.0,0.0,11.170378458981046,5799383.0,0.0
2021-06-30,11.8079,6779400.0,0.0,11.030533870158084,6779400.0,0.0
2021-07-01,11.9709,6507446.0,0.0,11.182802861328044,6507446.0,0.0
2021-07-02,11.9053,5584710.0,0.0,11.12152159862406,5584710.0,0.0
2021-07-05,11.9814,6177694.0,0.0,11.192611600023042,6177694.0,0.0
2021-07-06,11.781,7089098.0,0.0,11.005404815787092,7089098.0,0.0
2021-07-07,11.6737,7644801.0,0.0,10.905168847980118,7644801.0,0.0
2021-07-08,11.4399,10061576.0,0.0,10.686760933038174,10061576.0,0.0
2021-07-09,11.7404,8501425.0,0.0,10.9674776928331,8501425.0,0.0
2021-07-12,11.6704,4418472.0,0.0,10.902086101533119,4418472.0,0.0
2021-07-13,11.6399,5595159.0,0.0,10.873594051038127,5595159.0,0.0
2021-07-14,11.7046,4316566.0,0.0,10.934034564711109,4316566.0,0.0
2021-07-15,11.5578,5066843.0,0.0,10.796899056099146,5066843.0,0.0
2021-07-16,11.559,6203142.0,0.0,10.798020054807145,6203142.0,0.0
2021-07-19,11.1324,9768843.0,0.0,10.399505014113252,9768843.0,0.0
2021-07-20,11.2612,8318860.0,0.0,10.51982554210522,8318860.0,0.0
2021-07-21,11.5404,8166699.0,0.0,10.78064457483315,8166699.0,0.0
2021-07-22,11.6206,3387736.0,0.0,10.855564655151131,3387736.0,0.0
2021-07-23,11.6722,3515365.0,0.0,10.903767599595119,3515365.0,0.0
2021-07-26,11.7689,4485465.0,0.0,10.994101412148094,4485465.0,0.0
2021-07-27,11.7083,3400246.0,0.0,10.93749097739411,3400246.0,0.0
2021-07-28,11.7508,2920765.0,0.0,10.977193014969098,2920765.0,0.0
2021-07-29,11.8815,3803421.0,0.0,11.099288457582068,3803421.0,0.0
2021-07-30,11.771,5661170.0,0.0,10.996063159887095,5661170.0,0.0
2021-08-02,11.8131,3782791.0,0.0,11.035391531226084,3782791.0,0.0
2021-08-03,11.7912,4201724.0,0.0,11.014933304805089,4201724.0,0.0
2021-08-04,11.9195,5415397.0,0.0,11.134786750002057,5415397.0,0.0
2021-08-05,11.8968,7764028.0,0.0,11.113581191109063,7764028.0,0.0
2021-08-06,12.2054,7507183.0,0.0,11.401864692182986,7507183.0,0.0
2021-08-09,12.2608,3772786.0,0.0,11.453617465868973,3772786.0,0.0
2021-08-10,12.2037,3372862.0,0.0,11.400276610679986,3372862.0,0.0
2021-08-11,12.3027,3551535.0,0.0,11.492759004089962,3551535.0,0.0
2021-08-12,12.2603,3443071.0,0.0,11.453150383073973,3443071.0,0.0
2021-08-13,12.2899,4174716.0,0.0,11.480801684537965,4174716.0,0.0
2021-08-16,12.1834,3342208.0,0.0,11.381313049202992,3342208.0,0.0
2021-08-17,11.9627,5674837.0,0.0,11.175142703490046,5674837.0,0.0
2021-08-18,11.9114,2425258.0,0.0,11.127220008723059,2425258.0,0.0
2021-08-19,11.7343,6644247.0,0.0,10.961779282734103,6644247.0,0.0
2021-08-20,11.7218,4843649.0,0.0,10.950102212859106,4843649.0,0.0
2021-08-23,11.9619,4181998.0,0.0,11.174395371018047,4181998.0,0.0
2021-08-24,11.9866,3429080.0,0.0,11.19746926109104,3429080.0,0.0
2021-08-25,12.1387,4240053.0,0.0,11.339555847330002,4240053.0,0.0
2021-08-26,12.151,2790679.0,0.0,11.351046084086999,2790679.0,0.0
2021-08-27,12.0703,2475053.0,0.0,11.275658920974019,2475053.0,0.0
2021-08-30,12.0813,1979196.0,0.0,11.285934742464017,1979196.0,0.0
2021-08-31,12.1792,4875520.0,0.0,11.377389553724992,4875520.0,0.0
2021-09-01,12.3456,5007496.0,0.0,11.532834707900951,5007496.0,0.0
2021-09-02,12.3272,2892086.0,0.0,11.515646061044956,2892086.0,0.0
2021-09-03,12.1721,4298952.0,0.0,11.370756978035995,4298952.0,0.0
2021-09-06,12.2177,2640379.0,0.0,11.413354928939984,2640379.0,0.0
2021-09-07,12.2553,3058927.0,0.0,11.448479555123974,3058927.0,0.0
2021-09-08,12.1156,3535461.0,0.0,11.317976622201009,3535461.0,0.0
2021-09-09,12.0971,4962354.0,0.0,11.300694558786013,4962354.0,0.0
2021-09-10,12.044,4504688.0,0.0,11.251090365957026,4504688.0,0.0
2021-09-13,12.1127,3914400.0,0.0,11.315267541990009,3914400.0,0.0
2021-09-14,11.9124,6720836.0,0.0,11.128154174313059,6720836.0,0.0
2021-09-15,11.8489,6041860.0,0.0,11.068834659348074,6041860.0,0.0
2021-09-16,11.9079,5367704.0,0.0,11.123950429158059,5367704.0,0.0
2021-09-17,11.7242,14946504.0,0.0,10.952344210275104,14946504.0,0.0
2021-09-20,11.2027,11576542.0,0.0,10.465176855090235,11576542.0,0.0
2021-09-21,11.2469,5989906.0,0.0,10.506466974168223,5989906.0,0.0
2021-09-22,11.5338,5328566.0,0.0,10.774479081939152,5328566.0,0.0
2021-09-23,11.806,5416478.0,0.0,11.028758955537084,5416478.0,0.0
2021-09-24,11.8835,5437910.0,0.0,11.101156788762065,5437910.0,0.0
2021-09-27,12.2384,6887995.0,0.0,11.432692156652978,6887995.0,0.0
2021-09-28,12.1319,8335571.0,0.0,11.333203521318005,8335571.0,0.0
2021-09-29,12.0089,5789978.0,0.0,11.218301153748035,5789978.0,0.0
2021-09-30,11.9487,6834492.0,0.0,11.16206438523005,6834492.0,0.0
2021-10-01,11.7931,6580733.0,0.0,11.01670821942609,6580733.0,0.0
2021-10-04,11.7843,3415896.0,0.0,11.008487562234091,3415896.0,0.0
2021-10-05,12.3007,8911327.0,0.0,11.490890672909963,8911327.0,0.0
2021-10-06,12.3834,8658759.0,0.0,11.568146167202942,8658759.0,0.0
2021-10-07,12.7552,9707831.0,0.0,11.915468933564851,9707831.0,0.0
2021-10-08,12.865,6141614.0,0.0,12.018040315346823,6141614.0,0.0
2021-10-11,12.8661,4717085.0,0.0,12.019067897495823,4717085.0,0.0
2021-10-12,12.6426,5429615.0,0.0,11.810281888130879,5429615.0,0.0
2021-10-13,12.6062,6085667.0,0.0,11.776278260654887,6085667.0,0.0
2021-10-14,12.6396,5816422.0,0.0,11.807479391360879,5816422.0,0.0
2021-10-15,12.7933,5972511.0,0.0,11.951060642543842,5972511.0,0.0
2021-10-18,12.8215,4226575.0,0.0,11.977404112181834,4226575.0,0.0
2021-10-19,12.8448,3986799.0,0.0,11.999170170428828,3986799.0,0.0
2021-10-20,12.8768,3438823.0,0.0,12.02906346930882,3438823.0,0.0
2021-10-21,12.8453,4540185.0,0.0,11.999637253223828,4540185.0,0.0
2021-10-22,12.9872,4986927.0,0.0,12.132195350444793,4986927.0,0.0
2021-10-25,13.062,3405584.0,0.0,12.202070936576774,3405584.0,0.0
2021-10-26,13.0484,4345164.0,0.0,12.18936628455278,4345164.0,0.0
2021-10-27,12.961,4915246.0,0.0,12.1077202119868,4915246.0,0.0
2021-10-28,12.9091,5286797.0,0.0,12.059237017865813,5286797.0,0.0
2021-10-29,13.045,4720196.0,0.0,12.18619012154678,4720196.0,0.0
2021-11-01,13.2219,4528393.0,0.0,12.351444014417735,4528393.0,0.0
2021-11-02,13.1555,4768852.0,0.0,12.289415419241752,4768852.0,0.0
2021-11-03,13.2326,4102711.0,0.0,12.361439586230732,4102711.0,0.0
2021-11-04,13.1843,5999098.0,0.0,12.316319388233746,5999098.0,0.0
2021-11-05,13.2747,5744961.0,0.0,12.400767957569721,5744961.0,0.0
2021-11-08,13.2627,4231165.0,0.0,12.389557970489726,4231165.0,0.0
2021-11-09,13.1348,6461156.0,0.0,12.270078191528757,6461156.0,0.0
2021-11-10,12.9027,8424097.0,0.0,12.053258358089813,8424097.0,0.0
2021-11-11,12.9392,5523934.0,0.0,12.087355402124805,5523934.0,0.0
2021-11-12,12.7402,7374230.0,0.0,11.901456449714853,7374230.0,0.0
2021-11-15,12.8027,5438901.0,0.0,11.959841799089839,5438901.0,0.0
2021-11-16,12.7396,5066861.0,0.0,11.900895950360853,5066861.0,0.0
2021-11-17,12.7731,4805317.0,0.0,11.932190497625845,4805317.0,0.0
2021-11-18,12.67,6003645.0,0.0,11.835878025296871,6003645.0,0.0
2021-11-19,12.4445,9173546.0,0.0,11.625223684751926,9173546.0,0.0
2021-11-22,12.7012,7574237.0,0.0,11.865023991704863,7574237.0,0.0
2021-11-23,12.6368,3664381.0,0.0,11.804863727708879,3664381.0,0.0
2021-11-24,12.674,3690811.0,0.0,11.83961468765687,3690811.0,0.0
2021-11-25,12.597,3703872.0,0.0,11.76768393722689,3703872.0,0.0
2021-11-26,12.069,11809953.0,0.0,11.27444450570702,11809953.0,0.0
2021-11-29,12.2291,8130837.0,0.0,11.424004416665982,8130837.0,0.0
2021-11-30,12.0732,13540828.0,0.0,11.278368001185019,13540828.0,0.0
2021-12-01,12.2876,8506776.0,0.0,11.478653103680966,8506776.0,0.0
2021-12-02,12.2648,5216915.0,0.0,11.457354128228971,5216915.0,0.0
2021-12-03,12.2427,4482383.0,0.0,11.436709068689977,4482383.0,0.0
2021-12-06,12.3153,4274612.0,0.0,11.504529490523959,4274612.0,0.0
2021-12-07,12.4787,4684771.0,0.0,11.657172147929918,4684771.0,0.0
2021-12-08,12.401,4853637.0,0.0,11.584587481586938,4853637.0,0.0
2021-12-09,12.3102,3783105.0,0.0,11.49976524601496,3783105.0,0.0
2021-12-10,12.2452,3441860.0,0.0,11.439044482664977,3441860.0,0.0
2021-12-13,12.1684,5404902.0,0.0,11.367300565352995,5404902.0,0.0
2021-12-14,12.2353,7040227.0,0.0,11.42979624332398,7040227.0,0.0
2021-12-15,12.1578,4292073.0,0.0,11.357398410098998,4292073.0,0.0
2021-12-16,12.2511,6705389.0,0.0,11.444556059645974,6705389.0,0.0
2021-12-17,11.9351,10050594.0,0.0,11.149359733206053,10050594.0,0.0
2021-12-20,11.8583,5484413.0,0.0,11.077615815894072,5484413.0,0.0
2021-12-21,12.137,4339200.0,0.0,11.337967765827004,4339200.0,0.0
2021-12-22,12.2197,2410456.0,0.0,11.415223260119982,2410456.0,0.0
2021-12-23,12.4479,3753604.0,0.0,11.628399847757928,3753604.0,0.0
2021-12-24,12.4859,643945.0,0.0,11.663898140177917,643945.0,0.0
2021-12-27,12.481,2111059.0,0.0,11.659320728786918,2111059.0,0.0
2021-12-28,12.5455,2384501.0,0.0,11.719574409341902,2384501.0,0.0
2021-12-29,12.5512,2284502.0,0.0,11.7248991532049,2284502.0,0.0
2021-12-30,12.5829,1751873.0,0.0,11.754512202407893,1751873.0,0.0
2021-12-31,12.5352,1293312.0,0.0,11.709952503764905,1293312.0,0.0
2022-01-03,12.744,4846202.0,0.0,11.905006278956852,4846202.0,0.0
2022-01-04,13.0207,6062208.0,0.0,12.163489897709784,6062208.0,0.0
2022-01-05,13.1911,6300320.0,0.0,12.322671714245743,6300320.0,0.0
2022-01-06,13.252,7442277.0,0.0,12.379562398676729,7442277.0,0.0
2022-01-07,13.4315,8210181.0,0.0,12.547245122081684,8210181.0,0.0
2022-01-10,13.6108,6403245.0,0.0,12.714741012368638,6403245.0,0.0
2022-01-11,13.5433,4447851.0,0.0,12.651684835043657,4447851.0,0.0
2022-01-12,13.7914,6882544.0,0.0,12.883451317922594,6882544.0,0.0
2022-01-13,13.853,5653992.0,0.0,12.940995918266578,5653992.0,0.0
2022-01-14,13.7347,7000816.0,0.0,12.830484128969609,7000816.0,0.0
2022-01-17,13.7425,4331927.0,0.0,12.837770620571606,4331927.0,0.0
2022-01-18,13.6287,5913413.0,0.0,12.731462576429635,5913413.0,0.0
2022-01-19,13.5512,5865550.0,0.0,12.659064743204654,5865550.0,0.0
2022-01-20,13.4682,3958223.0,0.0,12.581528999234674,3958223.0,0.0
2022-01-21,13.2537,7501283.0,0.0,12.381150480179727,7501283.0,0.0
2022-01-24,12.9462,8881109.0,0.0,12.093894561254803,8881109.0,0.0
2022-01-25,13.0632,5362979.0,0.0,12.203191935284774,5362979.0,0.0
2022-01-26,13.3567,6205467.0,0.0,12.477369535949702,6205467.0,0.0
2022-01-27,13.4471,5154259.0,0.0,12.56181810528568,5154259.0,0.0
2022-01-28,13.2074,6194981.0,0.0,12.33789861336274,6194981.0,0.0
2022-01-31,13.2669,4089127.0,0.0,12.393481465967724,4089127.0,0.0
2022-02-01,13.4787,4402737.0,0.0,12.591337737929672,4402737.0,0.0
2022-02-02,13.579,5471526.0,0.0,12.685034546606648,5471526.0,0.0
2022-02-03,13.6801,5515845.0,0.0,12.779478687755622,5515845.0,0.0
2022-02-04,13.6048,7826782.0,0.0,12.709136018828639,7826782.0,0.0
2022-02-07,13.6494,5156599.0,0.0,12.75079980414263,5156599.0,0.0
2022-02-08,13.8735,6608503.0,0.0,12.960146312861575,6608503.0,0.0
2022-02-09,13.9693,5158235.0,0.0,13.049639376383551,5158235.0,0.0
2022-02-10,14.1476,7342064.0,0.0,13.216201101080507,7342064.0,0.0
2022-02-11,13.9965,6322995.0,0.0,13.075048680431543,6322995.0,0.0
2022-02-14,13.5343,9771279.0,0.0,12.643277344733658,9771279.0,0.0
2022-02-15,13.633,6084731.0,0.0,12.735479488466632,6084731.0,0.0
2022-02-16,13.4903,6958232.0,0.0,12.602174058773668,6958232.0,0.0
2022-02-17,13.1712,7776219.0,0.0,12.304081819004749,7776219.0,0.0
2022-02-18,13.0872,5892217.0,0.0,12.225611909444767,5892217.0,0.0
2022-02-21,12.8837,6743933.0,0.0,12.035509211879818,6743933.0,0.0
2022-02-22,12.7118,9132948.0,0.0,11.874926146958861,9132948.0,0.0
2022-02-23,12.7382,5656562.0,0.0,11.899588118534856,5656562.0,0.0
2022-02-24,11.8818,20011419.0,0.0,11.099568707259067,20011419.0,0.0
2022-02-25,11.8668,14035635.0,0.0,11.08555622340907,14035635.0,0.0
2022-02-28,11.4341,14160219.0,0.0,10.681342772616178,14160219.0,0.0
2022-03-01,10.7614,18873478.0,0.0,10.052929580223342,18873478.0,0.0
2022-03-02,10.6197,15921624.0,0.0,9.920558316120378,15921624.0,0.0
2022-03-03,10.9146,14911012.0,0.0,10.196043748611306,14911012.0,0.0
2022-03-04,10.2,21204265.0,0.0,9.528489017997481,21204265.0,0.0
2022-03-07,9.6223,55409328.0,0.0,8.988821556654623,55409328.0,0.0
2022-03-08,9.9107,15031019.0,0.0,9.258234912810552,15031019.0,0.0
2022-03-09,10.5433,17394965.0,0.0,9.849188065044396,17394965.0,0.0
2022-03-10,10.1114,22582800.0,0.0,9.445721946723504,22582800.0,0.0
2022-03-11,9.9453,15586100.0,0.0,9.290557042224544,15586100.0,0.0
2022-03-14,10.123,12436498.0,0.0,9.4565582675675,12436498.0,0.0
2022-03-15,10.0386,9744267.0,0.0,9.377714691771521,9744267.0,0.0
2022-03-16,10.7158,14328755.0,0.0,10.010331629319353,14328755.0,0.0
2022-03-17,10.7922,8834152.0,0.0,10.081701880395334,8834152.0,0.0
2022-03-18,11.1584,20587619.0,0.0,10.423793319453244,20587619.0,0.0
2022-03-21,10.8877,7718471.0,0.0,10.170914694240311,7718471.0,0.0
2022-03-22,11.0758,6698526.0,0.0,10.346631241719264,6698526.0,0.0
2022-03-23,10.8653,6394919.0,0.0,10.149989385024316,6394919.0,0.0
2022-03-24,10.6932,7431367.0,0.0,9.989219486985359,7431367.0,0.0
2022-03-25,10.663,5860178.0,0.0,9.961007686167367,5860178.0,0.0
2022-03-28,10.8162,7444891.0,0.0,10.104121854555329,7444891.0,0.0
2022-03-29,11.2112,10283790.0,0.0,10.473117262605232,10283790.0,0.0
2022-03-30,11.1551,7221399.0,0.0,10.420710573006245,7221399.0,0.0
2022-03-31,10.9377,6834991.0,0.0,10.2176229737403,6834991.0,0.0
2022-04-01,10.9523,4057295.0,0.0,10.231261791354296,4057295.0,0.0
2022-04-04,10.8618,4944209.0,0.0,10.146719805459318,4944209.0,0.0
2022-04-05,10.3922,12861114.0,0.0,9.708035644395435,12861114.0,0.0
2022-04-06,10.0604,10381340.0,0.0,9.398079501633516,10381340.0,0.0
2022-04-07,9.9619,10729335.0,0.0,9.30606419101854,10729335.0,0.0
2022-04-08,9.8997,14056365.0,0.0,9.247959091320554,14056365.0,0.0
2022-04-11,10.0105,8919309.0,0.0,9.351464638692528,8919309.0,0.0
2022-04-12,9.893,8462172.0,0.0,9.241700181867557,8462172.0,0.0
2022-04-13,9.8882,8312344.0,0.0,9.237216187035559,8312344.0,0.0
2022-04-14,10.3266,11967116.0,0.0,9.64675438169145,11967116.0,0.0
2022-04-19,10.0457,5947080.0,0.0,9.38434726746052,5947080.0,0.0
2022-04-20,10.3793,8887367.0,0.0,9.695984908284437,8887367.0,0.0
2022-04-21,10.5444,7176650.0,0.0,9.850215647193396,7176650.0,0.0
2022-04-22,10.4868,8313543.0,0.0,9.796407709209412,8313543.0,0.0
2022-04-25,10.452,10391113.0,0.0,9.76389874667742,10391113.0,0.0
2022-04-26,10.3859,8571662.0,0.0,9.702150401178436,8571662.0,0.0
2022-04-27,10.2274,7003512.0,0.0,9.554085155163474,7003512.0,0.0
2022-04-28,10.2819,5925201.0,0.0,9.604997179818461,5925201.0,0.0
2022-04-29,10.3614,7809817.0,0.0,9.679263344223441,7809817.0,0.0
2022-05-02,10.1442,8243273.0,0.0,9.476362578075495,8243273.0,0.0
2022-05-03,10.4566,8554348.0,0.0,9.768195908391418,8554348.0,0.0
2022-05-04,10.4282,6671245.0,0.0,9.741665605635426,6671245.0,0.0
2022-05-05,10.0472,16018483.0,0.0,9.385748515845519,16018483.0,0.0
2022-05-06,9.9825,9544969.0,0.0,9.325308002172536,9544969.0,0.0
2022-05-09,9.9285,7044642.0,0.0,9.274863060312548,7044642.0,0.0
2022-05-10,10.0336,6905548.0,0.0,9.373043863821522,6905548.0,0.0
2022-05-11,10.1257,7930458.0,0.0,9.4590805146605,7930458.0,0.0
2022-05-12,9.9796,8630986.0,0.0,9.322598921961536,8630986.0,0.0
2022-05-13,10.2594,5541611.0,0.0,9.583978454043466,5541611.0,0.0
2022-05-16,10.2603,4907163.0,0.0,9.584819203074467,4907163.0,0.0
2022-05-17,10.527,7117735.0,0.0,9.8339611659274,7117735.0,0.0
2022-05-18,10.5055,6688020.0,0.0,9.813876605742406,6688020.0,0.0
2022-05-19,10.3053,6109468.0,0.0,9.626856654624456,6109468.0,0.0
2022-05-20,10.4654,7250222.0,0.0,9.776416565583416,7250222.0,0.0
2022-05-23,10.6912,8169941.0,0.0,9.98735115580536,8169941.0,0.0
2022-05-24,10.7147,6200397.0,0.0,10.009304047170355,6200397.0,0.0
2022-05-25,10.8665,8936221.0,0.0,10.151110383732316,8936221.0,0.0
2022-05-26,11.0908,8691848.0,0.0,10.360643725569261,8691848.0,0.0
2022-05-27,10.8347,12922093.0,0.0,10.121403917970325,12922093.0,0.0
2022-05-30,10.3506,11180812.0,0.0,9.669174355851444,11180812.0,0.0
2022-05-31,10.3313,12355578.0,0.0,9.65114495996445,12355578.0,0.0
2022-06-01,10.1951,8190527.0,0.0,9.523911606606482,8190527.0,0.0
2022-06-02,10.1358,3997717.0,0.0,9.468515587119496,3997717.0,0.0
2022-06-03,10.0528,4280758.0,0.0,9.390979843149518,4280758.0,0.0
2022-06-06,10.178,5038342.0,0.0,9.507937375017487,5038342.0,0.0
2022-06-07,10.0022,7103159.0,0.0,9.34371106429553,7103159.0,0.0
2022-06-08,9.9645,6889033.0,0.0,9.30849302155254,6889033.0,0.0
2022-06-09,9.8599,8262559.0,0.0,9.210779300838565,8262559.0,0.0
2022-06-10,9.3191,14718858.0,0.0,8.7055825497667,14718858.0,0.0
2022-06-13,8.8564,11657161.0,0.0,8.273344131273813,11657161.0,0.0
2022-06-14,8.8471,6972076.0,0.0,8.264656391286815,6972076.0,0.0
2022-06-15,9.0964,7998931.0,0.0,8.497543872873752,7998931.0,0.0
2022-06-16,8.888,7333998.0,0.0,8.302863763917806,7333998.0,0.0
2022-06-17,10.0931,28797865.0,0.0,9.428626716426507,28797865.0,0.0
2022-06-20,9.1347,6400990.0,0.0,8.533322414970744,6400990.0,0.0
2022-06-21,9.4237,7629402.0,0.0,8.803296270480674,7629402.0,0.0
2022-06-22,9.2353,7918067.0,0.0,8.62729947332472,7918067.0,0.0
2022-06-23,8.9238,11753630.0,0.0,8.336306892039797,11753630.0,0.0
2022-06-24,9.1392,8164814.0,0.0,8.537526160125744,8164814.0,0.0
2022-06-27,9.1233,6050698.0,0.0,8.522672927244747,6050698.0,0.0
2022-06-28,9.1934,4443911.0,0.0,8.58815793510373,4443911.0,0.0
2022-06-29,9.0087,5827006.0,0.0,8.415617550630774,5827006.0,0.0
2022-06-30,8.7101,11517728.0,0.0,8.13667570545685,11517728.0,0.0
2022-07-01,8.726,4773112.0,0.0,8.151528938337846,4773112.0,0.0
2022-07-04,8.7504,4321325.0,0.0,8.17432257873384,4321325.0,0.0
2022-07-05,8.4663,11042113.0,0.0,7.90892613461491,11042113.0,0.0
2022-07-06,8.415,7655100.0,0.0,7.861003439847921,7655100.0,0.0
2022-07-07,8.5379,7426242.0,0.0,7.975812390858892,7426242.0,0.0
2022-07-08,8.7075,7331377.0,0.0,8.13424687492285,7331377.0,0.0
2022-07-11,8.5477,6261321.0,0.0,7.98496721364089,6261321.0,0.0
2022-07-12,8.4777,6946079.0,0.0,7.919575622340907,6946079.0,0.0
2022-07-13,8.4131,6790619.0,0.0,7.859228525226922,6790619.0,0.0
2022-07-14,8.1989,7166283.0,0.0,7.659130255848976,7166283.0,0.0
2022-07-15,8.2497,6518572.0,0.0,7.706585867820964,6518572.0,0.0
2022-07-18,8.4512,5680305.0,0.0,7.8948202342059135,5680305.0,0.0
2022-07-19,8.5902,7414123.0,0.0,8.024669251215878,7414123.0,0.0
2022-07-20,8.7074,7693695.0,0.0,8.13415345836385,7693695.0,0.0
2022-07-21,8.5987,11059868.0,0.0,8.032609658730877,11059868.0,0.0
2022-07-22,8.5146,6862611.0,0.0,7.954046332611897,6862611.0,0.0
2022-07-25,8.6445,5732414.0,0.0,8.075394442752867,5732414.0,0.0
2022-07-26,8.5995,3831105.0,0.0,8.033356991202877,3831105.0,0.0
2022-07-27,8.6615,4284215.0,0.0,8.091275257782861,4284215.0,0.0
2022-07-28,8.7502,6209848.0,0.0,8.174135745615839,6209848.0,0.0
2022-07-29,8.9675,7622925.0,0.0,8.377129928322786,7622925.0,0.0
2022-08-01,8.954,5300162.0,0.0,8.36451869285779,5300162.0,0.0
2022-08-02,8.9037,4797079.0,0.0,8.317530163680802,4797079.0,0.0
2022-08-03,9.0854,8243013.0,0.0,8.487268051383756,8243013.0,0.0
2022-08-04,9.5066,15126842.0,0.0,8.880738597891654,15126842.0,0.0
2022-08-05,9.7296,10310451.0,0.0,9.089057524461596,10310451.0,0.0
2022-08-08,9.8786,6173819.0,0.0,9.228248197371562,6173819.0,0.0
2022-08-09,9.8923,4863017.0,0.0,9.241046265954559,4863017.0,0.0
2022-08-10,9.9534,5790045.0,0.0,9.298123783503543,5790045.0,0.0
2022-08-11,10.0388,4271953.0,0.0,9.377901524889522,4271953.0,0.0
2022-08-12,10.0884,4581754.0,0.0,9.424236138153509,4581754.0,0.0
2022-08-15,10.0234,3976544.0,0.0,9.363515374803525,3976544.0,0.0
2022-08-16,10.0586,3680340.0,0.0,9.396398003571516,3680340.0,0.0
2022-08-17,9.9432,6280795.0,0.0,9.288595294485544,6280795.0,0.0
2022-08-18,9.7917,5689858.0,0.0,9.147069207600582,5689858.0,0.0
2022-08-19,9.6007,8280201.0,0.0,8.96864357991063,8280201.0,0.0
2022-08-22,9.3344,7322552.0,0.0,8.719875283293696,7322552.0,0.0
2022-08-23,9.3798,3808815.0,0.0,8.762286401079683,3808815.0,0.0
2022-08-24,9.3519,5195140.0,0.0,8.73622318111869,5195140.0,0.0
2022-08-25,9.2958,4160966.0,0.0,8.683816491519705,4160966.0,0.0
2022-08-26,9.1692,5922417.0,0.0,8.565551127825737,5922417.0,0.0
2022-08-29,9.0648,4363141.0,0.0,8.468024240229761,4363141.0,0.0
2022-08-30,9.2607,6613074.0,0.0,8.651027279310714,6613074.0,0.0
2022-08-31,9.1995,8980823.0,0.0,8.59385634520273,8980823.0,0.0
2022-09-01,9.0289,7848262.0,0.0,8.434487695548771,7848262.0,0.0
2022-09-02,9.2455,9299231.0,0.0,8.636827962342718,9299231.0,0.0
2022-09-05,9.0258,8378516.0,0.0,8.43159178221977,8378516.0,0.0
2022-09-06,9.1116,4743429.0,0.0,8.511743189841749,4743429.0,0.0
2022-09-07,9.0501,4882274.0,0.0,8.454292006056766,4882274.0,0.0
2022-09-08,9.1833,8170325.0,0.0,8.578722862644732,8170325.0,0.0
2022-09-09,9.4314,9687036.0,0.0,8.81048934552367,9687036.0,0.0
2022-09-12,9.6963,9815597.0,0.0,9.057949810314607,9815597.0,0.0
2022-09-13,9.7253,7386690.0,0.0,9.0850406124246,7386690.0,0.0
2022-09-14,9.6547,6076284.0,0.0,9.019088521770616,6076284.0,0.0
2022-09-15,9.6572,7638427.0,0.0,9.021423935745615,7638427.0,0.0
2022-09-16,9.6703,17891849.0,0.0,9.033661504974612,17891849.0,0.0
2022-09-19,9.3933,3738857.0,0.0,8.774897636544681,3738857.0,0.0
2022-09-20,9.2955,8186895.0,0.0,8.683536241842706,8186895.0,0.0
