TimeStamp,RAW
2021-11-05T14:00:00.5673000Z,T|110875||151.63|60||1636120800.5673|||||||||
2021-11-05T14:00:01.3427000Z,T|110932||151.64|100||1636120801.3427|||||||||
2021-11-05T14:00:01.3749000Z,T|110940||151.65|10||1636120801.3749|||||||||
2021-11-05T14:00:02.3604000Z,T|111032||151.64|100||1636120802.3604|||||||||
2021-11-05T14:00:02.3604000Z,T|111034||151.64|100||1636120802.3604|||||||||
2021-11-05T14:00:03.0960000Z,T|111074||151.64|100||1636120803.096|||||||||
2021-11-05T14:00:04.0803000Z,T|111120||151.64|100||1636120804.0803|||||||||
2021-11-05T14:00:04.0803000Z,T|111122||151.64|100||1636120804.0803|||||||||
2021-11-05T14:00:04.3475000Z,T|111148||151.65|100||1636120804.3475|||||||||
2021-11-05T14:00:08.0769000Z,T|111309||151.62|100||1636120808.0769|||||||||
2021-11-05T14:00:09.3455000Z,T|111396||151.61|100||1636120809.3455|||||||||
2021-11-05T14:00:10.1291000Z,T|111433||151.61|100||1636120810.1291|||||||||
2021-11-05T14:00:10.3423000Z,T|111455||151.61|8||1636120810.3423|||||||||
2021-11-05T14:00:10.3863000Z,T|111460||151.61|7||1636120810.3863|||||||||
2021-11-05T14:00:10.8722000Z,T|111498||151.6|86||1636120810.8722|||||||||
2021-11-05T14:00:10.9286000Z,T|111520||151.61|15||1636120810.9286|||||||||
2021-11-05T14:00:11.6198000Z,T|111557||151.62|3||1636120811.6198|||||||||
2021-11-05T14:00:13.1490000Z,T|111645||151.61|100||1636120813.149|||||||||
2021-11-05T14:00:13.1547000Z,T|111649||151.61|100||1636120813.1547|||||||||
2021-11-05T14:00:13.2388000Z,T|111670||151.605|100||1636120813.2388|||||||||
2021-11-05T14:00:13.4270000Z,T|111680||151.61|98||1636120813.427|||||||||
2021-11-05T14:00:13.4270000Z,T|111682||151.62|11||1636120813.427|||||||||
2021-11-05T14:00:13.4270000Z,T|111684||151.62|100||1636120813.427|||||||||
2021-11-05T14:00:13.4373000Z,T|111701||151.63|3||1636120813.4373|||||||||
2021-11-05T14:00:14.0133000Z,T|111736||151.63|27||1636120814.0133|||||||||
2021-11-05T14:00:16.1950000Z,T|111836||151.65|7||1636120816.195|||||||||
2021-11-05T14:00:16.2231000Z,T|111847||151.67|10||1636120816.2231|||||||||
2021-11-05T14:00:16.2231000Z,T|111849||151.67|100||1636120816.2231|||||||||
2021-11-05T14:00:16.2231000Z,T|111851||151.67|100||1636120816.2231|||||||||
2021-11-05T14:00:16.2231000Z,T|111853||151.67|100||1636120816.2231|||||||||
2021-11-05T14:00:17.2071000Z,T|111913||151.67|100||1636120817.2071|||||||||
2021-11-05T14:00:17.2071000Z,T|111915||151.67|63||1636120817.2071|||||||||
2021-11-05T14:00:17.2071000Z,T|111917||151.67|10||1636120817.2071|||||||||
2021-11-05T14:00:17.2071000Z,T|111919||151.67|100||1636120817.2071|||||||||
2021-11-05T14:00:17.2123000Z,T|111929||151.66|100||1636120817.2123|||||||||
2021-11-05T14:00:17.3988000Z,T|112076||151.65|100||1636120817.3988|||||||||
2021-11-05T14:00:18.4049000Z,T|112141||151.64|100||1636120818.4049|||||||||
2021-11-05T14:00:19.7327000Z,T|112199||151.65|10||1636120819.7327|||||||||
2021-11-05T14:00:20.3271000Z,T|112204||151.65|1||1636120820.3271|||||||||
2021-11-05T14:00:20.3271000Z,T|112209||151.65|10||1636120820.3271|||||||||
2021-11-05T14:00:20.9354000Z,T|112248||151.66|100||1636120820.9354|||||||||
2021-11-05T14:00:20.9354000Z,T|112250||151.66|100||1636120820.9354|||||||||
2021-11-05T14:00:21.6293000Z,T|112302||151.66|100||1636120821.6293|||||||||
2021-11-05T14:00:21.6293000Z,T|112304||151.66|100||1636120821.6293|||||||||
2021-11-05T14:00:21.6293000Z,T|112322||151.65|100||1636120821.6293|||||||||
2021-11-05T14:00:21.6293000Z,T|112331||151.65|61||1636120821.6293|||||||||
2021-11-05T14:00:21.6293000Z,T|112333||151.65|39||1636120821.6293|||||||||
2021-11-05T14:00:21.6351000Z,T|112343||151.64|100||1636120821.6351|||||||||
2021-11-05T14:00:21.6351000Z,T|112345||151.64|100||1636120821.6351|||||||||
2021-11-05T14:00:21.6351000Z,T|112347||151.64|100||1636120821.6351|||||||||
2021-11-05T14:00:21.6413000Z,T|112466||151.64|100||1636120821.6413|||||||||
2021-11-05T14:00:21.6495000Z,T|112496||151.63|69||1636120821.6495|||||||||
2021-11-05T14:00:21.8344000Z,T|112505||151.63|100||1636120821.8344|||||||||
2021-11-05T14:00:21.8344000Z,T|112507||151.64|100||1636120821.8344|||||||||
2021-11-05T14:00:21.8344000Z,T|112515||151.64|100||1636120821.8344|||||||||
2021-11-05T14:00:21.8986000Z,T|112529||151.65|100||1636120821.8986|||||||||
2021-11-05T14:00:22.2668000Z,T|112537||151.65|453||1636120822.2668|||||||||
2021-11-05T14:00:22.2668000Z,T|112539||151.65|200||1636120822.2668|||||||||
2021-11-05T14:00:22.2668000Z,T|112542||151.65|247||1636120822.2668|||||||||
2021-11-05T14:00:22.3114000Z,T|112563||151.67|27||1636120822.3114|||||||||
2021-11-05T14:00:22.4003000Z,T|112581||151.67|100||1636120822.4003|||||||||
2021-11-05T14:00:22.5198000Z,T|112594||151.66|100||1636120822.5198|||||||||
2021-11-05T14:00:22.5198000Z,T|112596||151.66|100||1636120822.5198|||||||||
2021-11-05T14:00:24.3191000Z,T|112668||151.66|100||1636120824.3191|||||||||
2021-11-05T14:00:24.7014000Z,T|112692||151.65|49||1636120824.7014|||||||||
2021-11-05T14:00:24.7014000Z,T|112702||151.65|100||1636120824.7014|||||||||
2021-11-05T14:00:27.4677000Z,T|112852||151.61|100||1636120827.4677|||||||||
2021-11-05T14:00:27.4677000Z,T|112854||151.61|80||1636120827.4677|||||||||
2021-11-05T14:00:27.4677000Z,T|112858||151.6|300||1636120827.4677|||||||||
2021-11-05T14:00:27.4677000Z,T|112862||151.6|100||1636120827.4677|||||||||
2021-11-05T14:00:27.4677000Z,T|112864||151.6|100||1636120827.4677|||||||||
2021-11-05T14:00:27.9304000Z,T|112873||151.59|5||1636120827.9304|||||||||
2021-11-05T14:00:27.9304000Z,T|112879||151.59|6||1636120827.9304|||||||||
2021-11-05T14:00:29.0879000Z,T|112985||151.62|100||1636120829.0879|||||||||
2021-11-05T14:00:29.0879000Z,T|112987||151.62|100||1636120829.0879|||||||||
2021-11-05T14:00:30.3343000Z,T|113020||151.61|10||1636120830.3343|||||||||
2021-11-05T14:00:31.1298000Z,T|113059||151.6|100||1636120831.1298|||||||||
2021-11-05T14:00:31.1355000Z,T|113065||151.6|100||1636120831.1355|||||||||
2021-11-05T14:00:31.1355000Z,T|113068||151.6|100||1636120831.1355|||||||||
2021-11-05T14:00:31.2176000Z,T|113095||151.6|100||1636120831.2176|||||||||
2021-11-05T14:00:33.3300000Z,T|113161||151.6|7||1636120833.33|||||||||
2021-11-05T14:00:33.3300000Z,T|113166||151.6|3||1636120833.33|||||||||
2021-11-05T14:00:33.3300000Z,T|113182||151.6|100||1636120833.33|||||||||
2021-11-05T14:00:33.3300000Z,T|113184||151.6|100||1636120833.33|||||||||
2021-11-05T14:00:33.3300000Z,T|113188||151.6|100||1636120833.33|||||||||
2021-11-05T14:00:33.3354000Z,T|113197||151.6|100||1636120833.3354|||||||||
2021-11-05T14:00:33.3354000Z,T|113199||151.6|100||1636120833.3354|||||||||
2021-11-05T14:00:33.3354000Z,T|113201||151.6|50||1636120833.3354|||||||||
2021-11-05T14:00:33.3416000Z,T|113250||151.6|100||1636120833.3416|||||||||
2021-11-05T14:00:33.3474000Z,T|113265||151.6|100||1636120833.3474|||||||||
2021-11-05T14:00:33.3474000Z,T|113267||151.6|100||1636120833.3474|||||||||
2021-11-05T14:00:33.3699000Z,T|113279||151.6|5||1636120833.3699|||||||||
2021-11-05T14:00:33.4265000Z,T|113297||151.6|11||1636120833.4265|||||||||
2021-11-05T14:00:33.4265000Z,T|113299||151.6|89||1636120833.4265|||||||||
2021-11-05T14:00:33.4265000Z,T|113311||151.6|100||1636120833.4265|||||||||
2021-11-05T14:00:33.4265000Z,T|113313||151.6|100||1636120833.4265|||||||||
2021-11-05T14:00:33.5330000Z,T|113336||151.6|100||1636120833.533|||||||||
2021-11-05T14:00:33.5388000Z,T|113387||151.6|55||1636120833.5388|||||||||
2021-11-05T14:00:33.5388000Z,T|113389||151.6|100||1636120833.5388|||||||||
2021-11-05T14:00:33.5388000Z,T|113391||151.6|45||1636120833.5388|||||||||
2021-11-05T14:00:33.5957000Z,T|113424||151.6|100||1636120833.5957|||||||||
2021-11-05T14:00:33.5957000Z,T|113441||151.6|100||1636120833.5957|||||||||
2021-11-05T14:00:33.6015000Z,T|113446||151.6|100||1636120833.6015|||||||||
2021-11-05T14:00:35.8989000Z,T|113554||151.6|100||1636120835.8989|||||||||
2021-11-05T14:00:35.8989000Z,T|113556||151.6|100||1636120835.8989|||||||||
2021-11-05T14:00:35.9046000Z,T|113569||151.6|100||1636120835.9046|||||||||
2021-11-05T14:00:35.9046000Z,T|113575||151.6|22||1636120835.9046|||||||||
2021-11-05T14:00:38.3443000Z,T|113702||151.62|100||1636120838.3443|||||||||
2021-11-05T14:00:38.3874000Z,T|113729||151.62|100||1636120838.3874|||||||||
2021-11-05T14:00:40.1614000Z,T|113815||151.59|100||1636120840.1614|||||||||
2021-11-05T14:00:41.4530000Z,T|113893||151.57|100||1636120841.453|||||||||
2021-11-05T14:00:41.5241000Z,T|113913||151.56|40||1636120841.5241|||||||||
2021-11-05T14:00:41.5465000Z,T|113935||151.57|200||1636120841.5465|||||||||
2021-11-05T14:00:41.7456000Z,T|113973||151.58|100||1636120841.7456|||||||||
2021-11-05T14:00:41.7456000Z,T|113975||151.58|100||1636120841.7456|||||||||
2021-11-05T14:00:41.7456000Z,T|113977||151.59|100||1636120841.7456|||||||||
2021-11-05T14:00:41.7456000Z,T|113979||151.59|300||1636120841.7456|||||||||
2021-11-05T14:00:41.7456000Z,T|113981||151.59|2||1636120841.7456|||||||||
2021-11-05T14:00:41.7456000Z,T|113983||151.6|100||1636120841.7456|||||||||
2021-11-05T14:00:41.7456000Z,T|113985||151.6|52||1636120841.7456|||||||||
2021-11-05T14:00:41.8643000Z,T|114038||151.58|100||1636120841.8643|||||||||
2021-11-05T14:00:42.7819000Z,T|114089||151.57|100||1636120842.7819|||||||||
2021-11-05T14:00:42.7871000Z,T|114092||151.57|100||1636120842.7871|||||||||
2021-11-05T14:00:42.9465000Z,T|114100||151.57|48||1636120842.9465|||||||||
2021-11-05T14:00:42.9465000Z,T|114102||151.57|52||1636120842.9465|||||||||
2021-11-05T14:00:45.3314000Z,T|114197||151.57|80||1636120845.3314|||||||||
2021-11-05T14:00:48.1128000Z,T|114277||151.58|51||1636120848.1128|||||||||
2021-11-05T14:00:48.1128000Z,T|114279||151.58|49||1636120848.1128|||||||||
2021-11-05T14:00:48.1128000Z,T|114281||151.58|100||1636120848.1128|||||||||
2021-11-05T14:00:48.9437000Z,T|114342||151.58|100||1636120848.9437|||||||||
2021-11-05T14:00:51.8730000Z,T|114448||151.59|100||1636120851.873|||||||||
2021-11-05T14:00:52.4884000Z,T|114493||151.61|100||1636120852.4884|||||||||
2021-11-05T14:00:52.4884000Z,T|114494||151.61|2||1636120852.4884|||||||||
2021-11-05T14:00:52.6125000Z,T|114517||151.6|5||1636120852.6125|||||||||
2021-11-05T14:00:52.6125000Z,T|114520||151.6|95||1636120852.6125|||||||||
2021-11-05T14:00:52.7992000Z,T|114534||151.59|100||1636120852.7992|||||||||
2021-11-05T14:00:52.7992000Z,T|114536||151.59|100||1636120852.7992|||||||||
2021-11-05T14:00:52.7992000Z,T|114538||151.59|100||1636120852.7992|||||||||
2021-11-05T14:00:52.7992000Z,T|114540||151.59|100||1636120852.7992|||||||||
2021-11-05T14:00:54.9439000Z,T|114621||151.58|100||1636120854.9439|||||||||
2021-11-05T14:00:56.1087000Z,T|114690||151.58|100||1636120856.1087|||||||||
2021-11-05T14:00:56.1087000Z,T|114692||151.58|100||1636120856.1087|||||||||
2021-11-05T14:00:56.1087000Z,T|114694||151.58|100||1636120856.1087|||||||||
2021-11-05T14:01:00.0238000Z,T|114827||151.58|29||1636120860.0238|||||||||
2021-11-05T14:01:00.2342000Z,T|114851||151.57|100||1636120860.2342|||||||||
2021-11-05T14:01:00.2342000Z,T|114852||151.57|100||1636120860.2342|||||||||
2021-11-05T14:01:01.7681000Z,T|114915||151.59|100||1636120861.7681|||||||||
2021-11-05T14:01:01.7681000Z,T|114917||151.59|100||1636120861.7681|||||||||
2021-11-05T14:01:04.5876000Z,T|115126||151.555|100||1636120864.5876|||||||||
2021-11-05T14:01:04.5876000Z,T|115128||151.55|100||1636120864.5876|||||||||
2021-11-05T14:01:04.5876000Z,T|115131||151.54|100||1636120864.5876|||||||||
2021-11-05T14:01:04.5876000Z,T|115133||151.54|300||1636120864.5876|||||||||
2021-11-05T14:01:05.0923000Z,T|115150||151.55|100||1636120865.0923|||||||||
2021-11-05T14:01:08.4807000Z,T|115318||151.55|50||1636120868.4807|||||||||
2021-11-05T14:01:09.6122000Z,T|115372||151.56|100||1636120869.6122|||||||||
2021-11-05T14:01:09.6122000Z,T|115380||151.56|100||1636120869.6122|||||||||
2021-11-05T14:01:09.6228000Z,T|115389||151.56|99||1636120869.6228|||||||||
2021-11-05T14:01:09.9797000Z,T|115425||151.56|80||1636120869.9797|||||||||
2021-11-05T14:01:09.9797000Z,T|115427||151.56|20||1636120869.9797|||||||||
2021-11-05T14:01:11.8005000Z,T|115516||151.57|100||1636120871.8005|||||||||
2021-11-05T14:01:13.5983000Z,T|115624||151.53|1||1636120873.5983|||||||||
2021-11-05T14:01:13.5983000Z,T|115631||151.52|100||1636120873.5983|||||||||
2021-11-05T14:01:16.0147000Z,T|115726||151.53|100||1636120876.0147|||||||||
2021-11-05T14:01:17.2715000Z,T|115801||151.52|100||1636120877.2715|||||||||
2021-11-05T14:01:17.9584000Z,T|115827||151.52|39||1636120877.9584|||||||||
2021-11-05T14:01:17.9584000Z,T|115829||151.52|102||1636120877.9584|||||||||
2021-11-05T14:01:17.9584000Z,T|115831||151.52|46||1636120877.9584|||||||||
2021-11-05T14:01:17.9641000Z,T|115839||151.52|100||1636120877.9641|||||||||
2021-11-05T14:01:21.2647000Z,T|115989||151.53|100||1636120881.2647|||||||||
2021-11-05T14:01:21.2647000Z,T|115991||151.53|100||1636120881.2647|||||||||
2021-11-05T14:01:25.3095000Z,T|116140||151.53|100||1636120885.3095|||||||||
2021-11-05T14:01:25.5438000Z,T|116170||151.54|1||1636120885.5438|||||||||
2021-11-05T14:01:25.5438000Z,T|116172||151.54|42||1636120885.5438|||||||||
2021-11-05T14:01:29.3133000Z,T|116346||151.53|11||1636120889.3133|||||||||
2021-11-05T14:01:31.4112000Z,T|116402||151.53|13||1636120891.4112|||||||||
2021-11-05T14:01:31.4112000Z,T|116406||151.53|87||1636120891.4112|||||||||
2021-11-05T14:01:31.4112000Z,T|116409||151.53|100||1636120891.4112|||||||||
2021-11-05T14:01:31.4168000Z,T|116420||151.54|37||1636120891.4168|||||||||
2021-11-05T14:01:31.4168000Z,T|116425||151.54|100||1636120891.4168|||||||||
2021-11-05T14:01:31.4248000Z,T|116439||151.54|25||1636120891.4248|||||||||
2021-11-05T14:01:31.4248000Z,T|116441||151.54|75||1636120891.4248|||||||||
2021-11-05T14:01:32.3208000Z,T|116481||151.54|100||1636120892.3208|||||||||
2021-11-05T14:01:32.3208000Z,T|116483||151.54|100||1636120892.3208|||||||||
2021-11-05T14:01:32.3208000Z,T|116485||151.54|65||1636120892.3208|||||||||
2021-11-05T14:01:32.4796000Z,T|116512||151.54|100||1636120892.4796|||||||||
2021-11-05T14:01:36.1763000Z,T|116631||151.56|100||1636120896.1763|||||||||
2021-11-05T14:01:36.1834000Z,T|116643||151.57|99||1636120896.1834|||||||||
2021-11-05T14:01:39.9775000Z,T|116790||151.58|100||1636120899.9775|||||||||
2021-11-05T14:01:44.9870000Z,T|116963||151.58|100||1636120904.987|||||||||
2021-11-05T14:01:45.1874000Z,T|116974||151.58|100||1636120905.1874|||||||||
2021-11-05T14:01:45.1874000Z,T|116976||151.58|100||1636120905.1874|||||||||
2021-11-05T14:01:47.5793000Z,T|117039||151.59|100||1636120907.5793|||||||||
2021-11-05T14:01:48.0304000Z,T|117092||151.58|100||1636120908.0304|||||||||
2021-11-05T14:01:50.3871000Z,T|117144||151.58|100||1636120910.3871|||||||||
2021-11-05T14:01:50.3871000Z,T|117146||151.58|100||1636120910.3871|||||||||
2021-11-05T14:01:51.0407000Z,T|117219||151.57|100||1636120911.0407|||||||||
2021-11-05T14:01:51.6305000Z,T|117268||151.56|100||1636120911.6305|||||||||
2021-11-05T14:01:51.6305000Z,T|117270||151.56|100||1636120911.6305|||||||||
2021-11-05T14:01:51.6305000Z,T|117272||151.56|100||1636120911.6305|||||||||
2021-11-05T14:01:52.3481000Z,T|117308||151.56|100||1636120912.3481|||||||||
2021-11-05T14:01:52.8263000Z,T|117346||151.58|100||1636120912.8263|||||||||
2021-11-05T14:01:55.0581000Z,T|117363||151.58|64||1636120915.0581|||||||||
2021-11-05T14:01:55.0581000Z,T|117365||151.58|36||1636120915.0581|||||||||
2021-11-05T14:01:55.0581000Z,T|117368||151.58|14||1636120915.0581|||||||||
2021-11-05T14:02:00.1425000Z,T|117515||151.6|1||1636120920.1425|||||||||
2021-11-05T14:02:00.1425000Z,T|117522||151.61|100||1636120920.1425|||||||||
2021-11-05T14:02:00.6810000Z,T|117590||151.63|105||1636120920.681|||||||||
2021-11-05T14:02:00.6810000Z,T|117592||151.63|100||1636120920.681|||||||||
2021-11-05T14:02:00.6810000Z,T|117601||151.64|100||1636120920.681|||||||||
2021-11-05T14:02:00.6810000Z,T|117603||151.64|500||1636120920.681|||||||||
2021-11-05T14:02:01.4599000Z,T|117653||151.65|100||1636120921.4599|||||||||
2021-11-05T14:02:02.2773000Z,T|117702||151.66|42||1636120922.2773|||||||||
2021-11-05T14:02:02.2773000Z,T|117704||151.66|100||1636120922.2773|||||||||
2021-11-05T14:02:02.2773000Z,T|117706||151.66|100||1636120922.2773|||||||||
2021-11-05T14:02:02.9594000Z,T|117771||151.67|100||1636120922.9594|||||||||
2021-11-05T14:02:04.7726000Z,T|117856||151.68|73||1636120924.7726|||||||||
2021-11-05T14:02:05.3628000Z,T|117893||151.68|22||1636120925.3628|||||||||
2021-11-05T14:02:05.7440000Z,T|117915||151.68|100||1636120925.744|||||||||
2021-11-05T14:02:06.0168000Z,T|117934||151.68|3||1636120926.0168|||||||||
2021-11-05T14:02:08.0297000Z,T|118084||151.69|8||1636120928.0297|||||||||
2021-11-05T14:02:08.0297000Z,T|118086||151.69|200||1636120928.0297|||||||||
2021-11-05T14:02:08.0297000Z,T|118098||151.69|100||1636120928.0297|||||||||
2021-11-05T14:02:08.3189000Z,T|118134||151.69|100||1636120928.3189|||||||||
2021-11-05T14:02:08.3189000Z,T|118135||151.69|100||1636120928.3189|||||||||
2021-11-05T14:02:08.7455000Z,T|118180||151.69|100||1636120928.7455|||||||||
2021-11-05T14:02:08.7455000Z,T|118185||151.69|100||1636120928.7455|||||||||
2021-11-05T14:02:10.6217000Z,T|118242||151.7|81||1636120930.6217|||||||||
2021-11-05T14:02:10.6217000Z,T|118244||151.7|81||1636120930.6217|||||||||
2021-11-05T14:02:10.6271000Z,T|118246||151.7|19||1636120930.6271|||||||||
2021-11-05T14:02:10.9143000Z,T|118273||151.7|55||1636120930.9143|||||||||
2021-11-05T14:02:12.3468000Z,T|118311||151.69|100||1636120932.3468|||||||||
2021-11-05T14:02:17.3864000Z,T|118501||151.7|100||1636120937.3864|||||||||
2021-11-05T14:02:17.3864000Z,T|118502||151.7|100||1636120937.3864|||||||||
2021-11-05T14:02:17.6798000Z,T|118525||151.7|100||1636120937.6798|||||||||
2021-11-05T14:02:17.7633000Z,T|118538||151.7|2||1636120937.7633|||||||||
2021-11-05T14:02:18.0252000Z,T|118567||151.71|3||1636120938.0252|||||||||
2021-11-05T14:02:18.0252000Z,T|118569||151.71|7||1636120938.0252|||||||||
2021-11-05T14:02:18.0252000Z,T|118571||151.71|80||1636120938.0252|||||||||
2021-11-05T14:02:18.0252000Z,T|118574||151.71|59||1636120938.0252|||||||||
2021-11-05T14:02:18.0252000Z,T|118584||151.71|100||1636120938.0252|||||||||
2021-11-05T14:02:18.0252000Z,T|118590||151.71|100||1636120938.0252|||||||||
2021-11-05T14:02:18.8153000Z,T|118656||151.71|100||1636120938.8153|||||||||
2021-11-05T14:02:19.1217000Z,T|118684||151.72|1||1636120939.1217|||||||||
2021-11-05T14:02:19.2005000Z,T|118708||151.72|3||1636120939.2005|||||||||
2021-11-05T14:02:21.9392000Z,T|118762||151.71|100||1636120941.9392|||||||||
2021-11-05T14:02:22.8900000Z,T|118805||151.7|100||1636120942.89|||||||||
2021-11-05T14:02:23.3463000Z,T|118827||151.7|100||1636120943.3463|||||||||
2021-11-05T14:02:25.3247000Z,T|118917||151.71|100||1636120945.3247|||||||||
2021-11-05T14:02:25.3247000Z,T|118919||151.71|100||1636120945.3247|||||||||
2021-11-05T14:02:25.3300000Z,T|118921||151.71|100||1636120945.33|||||||||
2021-11-05T14:02:25.4885000Z,T|118946||151.71|53||1636120945.4885|||||||||
2021-11-05T14:02:27.6509000Z,T|118983||151.72|49||1636120947.6509|||||||||
2021-11-05T14:02:27.6509000Z,T|118986||151.72|50||1636120947.6509|||||||||
2021-11-05T14:02:27.6562000Z,T|118989||151.72|47||1636120947.6562|||||||||
2021-11-05T14:02:27.6620000Z,T|118993||151.71|100||1636120947.662|||||||||
2021-11-05T14:02:27.6620000Z,T|118995||151.71|100||1636120947.662|||||||||
2021-11-05T14:02:27.6705000Z,T|119009||151.7|100||1636120947.6705|||||||||
2021-11-05T14:02:29.1149000Z,T|119079||151.71|100||1636120949.1149|||||||||
2021-11-05T14:02:30.0474000Z,T|119135||151.7|100||1636120950.0474|||||||||
2021-11-05T14:02:30.9217000Z,T|119173||151.71|100||1636120950.9217|||||||||
2021-11-05T14:02:30.9217000Z,T|119175||151.71|100||1636120950.9217|||||||||
2021-11-05T14:02:30.9527000Z,T|119206||151.71|100||1636120950.9527|||||||||
2021-11-05T14:02:30.9527000Z,T|119208||151.71|2||1636120950.9527|||||||||
2021-11-05T14:02:30.9527000Z,T|119224||151.72|400||1636120950.9527|||||||||
2021-11-05T14:02:30.9527000Z,T|119226||151.71|12||1636120950.9527|||||||||
2021-11-05T14:02:30.9944000Z,T|119249||151.71|100||1636120950.9944|||||||||
2021-11-05T14:02:31.5190000Z,T|119272||151.7|12||1636120951.519|||||||||
2021-11-05T14:02:31.9501000Z,T|119286||151.7|269||1636120951.9501|||||||||
2021-11-05T14:02:32.0451000Z,T|119313||151.7|100||1636120952.0451|||||||||
2021-11-05T14:02:34.3569000Z,T|119399||151.71|100||1636120954.3569|||||||||
2021-11-05T14:02:34.3569000Z,T|119401||151.71|100||1636120954.3569|||||||||
2021-11-05T14:02:36.0254000Z,T|119477||151.7|100||1636120956.0254|||||||||
2021-11-05T14:02:37.0196000Z,T|119542||151.68|100||1636120957.0196|||||||||
2021-11-05T14:02:37.0196000Z,T|119545||151.68|100||1636120957.0196|||||||||
2021-11-05T14:02:38.3245000Z,T|119620||151.67|100||1636120958.3245|||||||||
2021-11-05T14:02:41.6482000Z,T|119771||151.7|100||1636120961.6482|||||||||
2021-11-05T14:02:41.6482000Z,T|119773||151.7|100||1636120961.6482|||||||||
2021-11-05T14:02:41.6482000Z,T|119775||151.7|100||1636120961.6482|||||||||
2021-11-05T14:02:41.6482000Z,T|119777||151.71|100||1636120961.6482|||||||||
2021-11-05T14:02:41.6482000Z,T|119779||151.72|100||1636120961.6482|||||||||
2021-11-05T14:02:41.6482000Z,T|119781||151.72|400||1636120961.6482|||||||||
2021-11-05T14:02:41.6482000Z,T|119796||151.73|322||1636120961.6482|||||||||
2021-11-05T14:02:41.6482000Z,T|119801||151.73|45||1636120961.6482|||||||||
2021-11-05T14:02:41.6482000Z,T|119805||151.73|100||1636120961.6482|||||||||
2021-11-05T14:02:41.7535000Z,T|119831||151.7|100||1636120961.7535|||||||||
2021-11-05T14:02:43.3642000Z,T|119918||151.72|41||1636120963.3642|||||||||
2021-11-05T14:02:43.3642000Z,T|119920||151.72|47||1636120963.3642|||||||||
2021-11-05T14:02:43.3642000Z,T|119923||151.72|12||1636120963.3642|||||||||
2021-11-05T14:02:44.0053000Z,T|119967||151.71|100||1636120964.0053|||||||||
2021-11-05T14:02:44.0053000Z,T|119969||151.71|100||1636120964.0053|||||||||
2021-11-05T14:02:44.2085000Z,T|120009||151.7|75||1636120964.2085|||||||||
2021-11-05T14:02:45.0412000Z,T|120052||151.71|23||1636120965.0412|||||||||
2021-11-05T14:02:45.0412000Z,T|120054||151.71|17||1636120965.0412|||||||||
2021-11-05T14:02:45.7839000Z,T|120092||151.7|100||1636120965.7839|||||||||
2021-11-05T14:02:45.7839000Z,T|120094||151.7|100||1636120965.7839|||||||||
2021-11-05T14:02:45.7839000Z,T|120096||151.7|298||1636120965.7839|||||||||
2021-11-05T14:02:46.0638000Z,T|120123||151.7|100||1636120966.0638|||||||||
2021-11-05T14:02:48.6324000Z,T|120253||151.7|100||1636120968.6324|||||||||
2021-11-05T14:02:49.5416000Z,T|120298||151.7|77||1636120969.5416|||||||||
2021-11-05T14:02:49.6273000Z,T|120305||151.7|100||1636120969.6273|||||||||
2021-11-05T14:02:49.6273000Z,T|120306||151.7|195||1636120969.6273|||||||||
2021-11-05T14:02:55.7907000Z,T|120513||151.7|149||1636120975.7907|||||||||
2021-11-05T14:02:55.7907000Z,T|120515||151.7|51||1636120975.7907|||||||||
2021-11-05T14:02:59.4240000Z,T|120606||151.69|100||1636120979.424|||||||||
2021-11-05T14:02:59.9580000Z,T|120650||151.71|100||1636120979.958|||||||||
2021-11-05T14:02:59.9580000Z,T|120659||151.71|22||1636120979.958|||||||||
2021-11-05T14:02:59.9580000Z,T|120661||151.71|58||1636120979.958|||||||||
2021-11-05T14:03:01.3123000Z,T|120732||151.72|100||1636120981.3123|||||||||
2021-11-05T14:03:01.3123000Z,T|120733||151.72|84||1636120981.3123|||||||||
2021-11-05T14:03:01.9920000Z,T|120788||151.74|1||1636120981.992|||||||||
2021-11-05T14:03:01.9920000Z,T|120790||151.74|100||1636120981.992|||||||||
2021-11-05T14:03:01.9920000Z,T|120792||151.74|99||1636120981.992|||||||||
2021-11-05T14:03:01.9920000Z,T|120798||151.74|1||1636120981.992|||||||||
2021-11-05T14:03:02.0392000Z,T|120825||151.75|100||1636120982.0392|||||||||
2021-11-05T14:03:02.0443000Z,T|120859||151.75|100||1636120982.0443|||||||||
2021-11-05T14:03:02.0443000Z,T|120861||151.75|100||1636120982.0443|||||||||
2021-11-05T14:03:02.4816000Z,T|120891||151.75|62||1636120982.4816|||||||||
2021-11-05T14:03:04.5281000Z,T|120991||151.76|100||1636120984.5281|||||||||
2021-11-05T14:03:04.5281000Z,T|120996||151.76|56||1636120984.5281|||||||||
2021-11-05T14:03:04.5281000Z,T|120998||151.76|100||1636120984.5281|||||||||
2021-11-05T14:03:04.5281000Z,T|121001||151.76|44||1636120984.5281|||||||||
2021-11-05T14:03:04.5612000Z,T|121020||151.76|50||1636120984.5612|||||||||
2021-11-05T14:03:04.5612000Z,T|121022||151.76|50||1636120984.5612|||||||||
2021-11-05T14:03:04.6793000Z,T|121035||151.75|6||1636120984.6793|||||||||
2021-11-05T14:03:04.8133000Z,T|121060||151.76|100||1636120984.8133|||||||||
2021-11-05T14:03:05.0444000Z,T|121094||151.76|2||1636120985.0444|||||||||
2021-11-05T14:03:05.3503000Z,T|121127||151.77|100||1636120985.3503|||||||||
2021-11-05T14:03:05.3503000Z,T|121129||151.77|100||1636120985.3503|||||||||
2021-11-05T14:03:05.3503000Z,T|121130||151.77|1||1636120985.3503|||||||||
2021-11-05T14:03:06.4037000Z,T|121207||151.77|4||1636120986.4037|||||||||
2021-11-05T14:03:06.4090000Z,T|121215||151.78|2||1636120986.409|||||||||
2021-11-05T14:03:07.6632000Z,T|121315||151.76|1||1636120987.6632|||||||||
2021-11-05T14:03:07.9595000Z,T|121340||151.76|100||1636120987.9595|||||||||
2021-11-05T14:03:08.4047000Z,T|121401||151.75|100||1636120988.4047|||||||||
2021-11-05T14:03:08.4047000Z,T|121403||151.75|46||1636120988.4047|||||||||
2021-11-05T14:03:08.4047000Z,T|121405||151.75|54||1636120988.4047|||||||||
2021-11-05T14:03:11.0690000Z,T|121557||151.76|100||1636120991.069|||||||||
2021-11-05T14:03:11.0690000Z,T|121574||151.76|100||1636120991.069|||||||||
2021-11-05T14:03:11.0690000Z,T|121583||151.76|1||1636120991.069|||||||||
2021-11-05T14:03:12.1771000Z,T|121659||151.77|3||1636120992.1771|||||||||
2021-11-05T14:03:12.1771000Z,T|121661||151.77|60||1636120992.1771|||||||||
2021-11-05T14:03:12.1771000Z,T|121664||151.77|9||1636120992.1771|||||||||
2021-11-05T14:03:12.1771000Z,T|121667||151.77|28||1636120992.1771|||||||||
2021-11-05T14:03:15.1995000Z,T|121771||151.76|100||1636120995.1995|||||||||
2021-11-05T14:03:15.2399000Z,T|121801||151.77|100||1636120995.2399|||||||||
2021-11-05T14:03:15.2399000Z,T|121803||151.77|12||1636120995.2399|||||||||
2021-11-05T14:03:15.3603000Z,T|121834||151.77|100||1636120995.3603|||||||||
2021-11-05T14:03:15.3665000Z,T|121845||151.77|100||1636120995.3665|||||||||
2021-11-05T14:03:15.3837000Z,T|121852||151.76|100||1636120995.3837|||||||||
2021-11-05T14:03:16.2256000Z,T|121906||151.76|100||1636120996.2256|||||||||
2021-11-05T14:03:19.5407000Z,T|122078||151.75|100||1636120999.5407|||||||||
2021-11-05T14:03:19.5407000Z,T|122080||151.75|100||1636120999.5407|||||||||
2021-11-05T14:03:19.5407000Z,T|122081||151.75|100||1636120999.5407|||||||||
2021-11-05T14:03:20.3115000Z,T|122126||151.75|100||1636121000.3115|||||||||
2021-11-05T14:03:20.4817000Z,T|122146||151.74|100||1636121000.4817|||||||||
2021-11-05T14:03:21.8280000Z,T|122219||151.76|88||1636121001.828|||||||||
2021-11-05T14:03:21.8599000Z,T|122247||151.76|100||1636121001.8599|||||||||
2021-11-05T14:03:21.8599000Z,T|122258||151.76|400||1636121001.8599|||||||||
2021-11-05T14:03:23.1542000Z,T|122316||151.74|100||1636121003.1542|||||||||
2021-11-05T14:03:23.1542000Z,T|122318||151.74|100||1636121003.1542|||||||||
2021-11-05T14:03:23.7355000Z,T|122376||151.72|1||1636121003.7355|||||||||
2021-11-05T14:03:24.1043000Z,T|122407||151.73|12||1636121004.1043|||||||||
2021-11-05T14:03:24.1043000Z,T|122414||151.74|100||1636121004.1043|||||||||
2021-11-05T14:03:24.1043000Z,T|122416||151.74|400||1636121004.1043|||||||||
2021-11-05T14:03:24.1329000Z,T|122440||151.75|12||1636121004.1329|||||||||
2021-11-05T14:03:25.1447000Z,T|122480||151.74|2||1636121005.1447|||||||||
2021-11-05T14:03:25.1565000Z,T|122488||151.74|17||1636121005.1565|||||||||
2021-11-05T14:03:26.0802000Z,T|122533||151.73|170||1636121006.0802|||||||||
2021-11-05T14:03:31.3239000Z,T|122739||151.72|100||1636121011.3239|||||||||
2021-11-05T14:03:31.3463000Z,T|122741||151.72|100||1636121011.3463|||||||||
2021-11-05T14:03:31.3463000Z,T|122752||151.72|100||1636121011.3463|||||||||
2021-11-05T14:03:31.9296000Z,T|122781||151.72|2||1636121011.9296|||||||||
2021-11-05T14:03:34.1474000Z,T|122859||151.7|100||1636121014.1474|||||||||
2021-11-05T14:03:38.3979000Z,T|122981||151.69|100||1636121018.3979|||||||||
2021-11-05T14:03:38.3979000Z,T|122983||151.69|200||1636121018.3979|||||||||
2021-11-05T14:03:38.3979000Z,T|122985||151.69|100||1636121018.3979|||||||||
2021-11-05T14:03:39.0339000Z,T|123031||151.69|100||1636121019.0339|||||||||
2021-11-05T14:03:40.0526000Z,T|123096||151.67|300||1636121020.0526|||||||||
2021-11-05T14:03:40.0526000Z,T|123098||151.67|1||1636121020.0526|||||||||
2021-11-05T14:03:40.5316000Z,T|123150||151.67|100||1636121020.5316|||||||||
2021-11-05T14:03:40.5316000Z,T|123152||151.67|100||1636121020.5316|||||||||
2021-11-05T14:03:40.5316000Z,T|123154||151.67|100||1636121020.5316|||||||||
2021-11-05T14:03:43.2008000Z,T|123231||151.66|100||1636121023.2008|||||||||
2021-11-05T14:03:43.2008000Z,T|123233||151.66|100||1636121023.2008|||||||||
2021-11-05T14:03:43.2008000Z,T|123240||151.65|100||1636121023.2008|||||||||
2021-11-05T14:03:44.9955000Z,T|123298||151.65|100||1636121024.9955|||||||||
2021-11-05T14:03:44.9955000Z,T|123300||151.65|99||1636121024.9955|||||||||
2021-11-05T14:03:44.9955000Z,T|123302||151.65|1||1636121024.9955|||||||||
2021-11-05T14:03:46.4679000Z,T|123357||151.64|22||1636121026.4679|||||||||
2021-11-05T14:03:46.4679000Z,T|123359||151.64|34||1636121026.4679|||||||||
2021-11-05T14:03:47.0242000Z,T|123391||151.63|4||1636121027.0242|||||||||
2021-11-05T14:03:49.7604000Z,T|123471||151.62|100||1636121029.7604|||||||||
2021-11-05T14:03:49.7604000Z,T|123473||151.62|100||1636121029.7604|||||||||
2021-11-05T14:03:49.7604000Z,T|123475||151.62|100||1636121029.7604|||||||||
2021-11-05T14:03:50.2589000Z,T|123528||151.63|100||1636121030.2589|||||||||
2021-11-05T14:03:50.2754000Z,T|123545||151.63|100||1636121030.2754|||||||||
2021-11-05T14:03:50.8257000Z,T|123596||151.64|70||1636121030.8257|||||||||
2021-11-05T14:03:50.8257000Z,T|123599||151.64|2||1636121030.8257|||||||||
2021-11-05T14:03:51.2617000Z,T|123620||151.63|70||1636121031.2617|||||||||
2021-11-05T14:03:55.5023000Z,T|123739||151.62|100||1636121035.5023|||||||||
2021-11-05T14:03:55.7882000Z,T|123756||151.62|100||1636121035.7882|||||||||
2021-11-05T14:03:55.9074000Z,T|123777||151.64|100||1636121035.9074|||||||||
2021-11-05T14:03:58.0696000Z,T|123850||151.65|30||1636121038.0696|||||||||
2021-11-05T14:03:58.1616000Z,T|123871||151.65|100||1636121038.1616|||||||||
2021-11-05T14:03:58.1671000Z,T|123873||151.65|100||1636121038.1671|||||||||
2021-11-05T14:03:58.1671000Z,T|123875||151.65|100||1636121038.1671|||||||||
2021-11-05T14:04:01.1793000Z,T|124026||151.65|2||1636121041.1793|||||||||
2021-11-05T14:04:01.1793000Z,T|124039||151.65|100||1636121041.1793|||||||||
2021-11-05T14:04:01.1793000Z,T|124041||151.65|100||1636121041.1793|||||||||
2021-11-05T14:04:01.1793000Z,T|124042||151.65|183||1636121041.1793|||||||||
2021-11-05T14:04:01.1793000Z,T|124046||151.65|100||1636121041.1793|||||||||
2021-11-05T14:04:01.1793000Z,T|124052||151.65|100||1636121041.1793|||||||||
2021-11-05T14:04:04.2045000Z,T|124117||151.65|100||1636121044.2045|||||||||
2021-11-05T14:04:04.7959000Z,T|124169||151.65|100||1636121044.7959|||||||||
2021-11-05T14:04:04.7959000Z,T|124173||151.65|2||1636121044.7959|||||||||
2021-11-05T14:04:10.3899000Z,T|124342||151.68|8||1636121050.3899|||||||||
2021-11-05T14:04:10.3899000Z,T|124344||151.68|92||1636121050.3899|||||||||
2021-11-05T14:04:10.9741000Z,T|124401||151.66|3||1636121050.9741|||||||||
2021-11-05T14:04:11.1041000Z,T|124419||151.66|100||1636121051.1041|||||||||
2021-11-05T14:04:11.1041000Z,T|124421||151.66|100||1636121051.1041|||||||||
2021-11-05T14:04:12.3264000Z,T|124462||151.65|200||1636121052.3264|||||||||
2021-11-05T14:04:16.8594000Z,T|124619||151.64|100||1636121056.8594|||||||||
2021-11-05T14:04:17.5024000Z,T|124638||151.64|5||1636121057.5024|||||||||
2021-11-05T14:04:19.4317000Z,T|124670||151.64|100||1636121059.4317|||||||||
2021-11-05T14:04:19.4317000Z,T|124672||151.64|8||1636121059.4317|||||||||
2021-11-05T14:04:20.4508000Z,T|124761||151.61|100||1636121060.4508|||||||||
2021-11-05T14:04:20.5267000Z,T|124782||151.6|100||1636121060.5267|||||||||
2021-11-05T14:04:20.5267000Z,T|124784||151.6|100||1636121060.5267|||||||||
2021-11-05T14:04:22.2316000Z,T|124864||151.59|300||1636121062.2316|||||||||
2021-11-05T14:04:23.3417000Z,T|124901||151.58|2||1636121063.3417|||||||||
2021-11-05T14:04:23.3417000Z,T|124913||151.57|18||1636121063.3417|||||||||
2021-11-05T14:04:23.3618000Z,T|124943||151.57|100||1636121063.3618|||||||||
2021-11-05T14:04:23.3618000Z,T|124945||151.57|100||1636121063.3618|||||||||
2021-11-05T14:04:23.3618000Z,T|124946||151.57|109||1636121063.3618|||||||||
2021-11-05T14:04:23.3618000Z,T|124955||151.57|91||1636121063.3618|||||||||
2021-11-05T14:04:24.2194000Z,T|124984||151.56|18||1636121064.2194|||||||||
2021-11-05T14:04:24.2194000Z,T|124986||151.56|100||1636121064.2194|||||||||
2021-11-05T14:04:24.2661000Z,T|125025||151.55|100||1636121064.2661|||||||||
2021-11-05T14:04:24.2661000Z,T|125027||151.55|100||1636121064.2661|||||||||
2021-11-05T14:04:24.2817000Z,T|125034||151.55|100||1636121064.2817|||||||||
2021-11-05T14:04:25.2992000Z,T|125102||151.53|100||1636121065.2992|||||||||
2021-11-05T14:04:26.8795000Z,T|125157||151.53|36||1636121066.8795|||||||||
2021-11-05T14:04:26.8795000Z,T|125161||151.53|264||1636121066.8795|||||||||
2021-11-05T14:04:26.8795000Z,T|125173||151.53|16||1636121066.8795|||||||||
2021-11-05T14:04:27.2358000Z,T|125190||151.53|5||1636121067.2358|||||||||
2021-11-05T14:04:29.5164000Z,T|125252||151.54|50||1636121069.5164|||||||||
2021-11-05T14:04:30.3442000Z,T|125279||151.54|100||1636121070.3442|||||||||
2021-11-05T14:04:30.3442000Z,T|125281||151.54|100||1636121070.3442|||||||||
2021-11-05T14:04:32.8267000Z,T|125364||151.53|50||1636121072.8267|||||||||
2021-11-05T14:04:32.9097000Z,T|125373||151.55|100||1636121072.9097|||||||||
2021-11-05T14:04:32.9097000Z,T|125375||151.55|27||1636121072.9097|||||||||
2021-11-05T14:04:33.4186000Z,T|125409||151.55|51||1636121073.4186|||||||||
2021-11-05T14:04:35.5047000Z,T|125455||151.55|100||1636121075.5047|||||||||
2021-11-05T14:04:35.5047000Z,T|125456||151.55|100||1636121075.5047|||||||||
2021-11-05T14:04:38.7331000Z,T|125533||151.53|100||1636121078.7331|||||||||
2021-11-05T14:04:45.6339000Z,T|125717||151.53|100||1636121085.6339|||||||||
2021-11-05T14:04:46.5844000Z,T|125766||151.53|200||1636121086.5844|||||||||
2021-11-05T14:04:46.5844000Z,T|125779||151.53|100||1636121086.5844|||||||||
2021-11-05T14:04:46.5844000Z,T|125781||151.53|100||1636121086.5844|||||||||
2021-11-05T14:04:46.8662000Z,T|125818||151.54|100||1636121086.8662|||||||||
2021-11-05T14:04:51.3729000Z,T|125934||151.55|100||1636121091.3729|||||||||
2021-11-05T14:04:52.3383000Z,T|125976||151.57|100||1636121092.3383|||||||||
2021-11-05T14:04:52.3383000Z,T|125978||151.57|100||1636121092.3383|||||||||
2021-11-05T14:04:54.2163000Z,T|126054||151.57|100||1636121094.2163|||||||||
2021-11-05T14:04:54.2163000Z,T|126056||151.57|94||1636121094.2163|||||||||
2021-11-05T14:04:54.2465000Z,T|126079||151.57|100||1636121094.2465|||||||||
2021-11-05T14:04:54.2523000Z,T|126081||151.57|100||1636121094.2523|||||||||
2021-11-05T14:04:54.2523000Z,T|126083||151.57|2||1636121094.2523|||||||||
2021-11-05T14:04:55.4530000Z,T|126162||151.55|100||1636121095.453|||||||||
2021-11-05T14:04:55.4530000Z,T|126164||151.55|100||1636121095.453|||||||||
2021-11-05T14:04:57.3829000Z,T|126246||151.53|1||1636121097.3829|||||||||
2021-11-05T14:04:58.5687000Z,T|126312||151.53|100||1636121098.5687|||||||||
2021-11-05T14:04:58.5687000Z,T|126316||151.53|100||1636121098.5687|||||||||
2021-11-05T14:04:58.8396000Z,T|126339||151.54|100||1636121098.8396|||||||||
2021-11-05T14:04:59.1009000Z,T|126362||151.55|10||1636121099.1009|||||||||
2021-11-05T14:04:59.1251000Z,T|126377||151.55|90||1636121099.1251|||||||||
2021-11-05T14:05:00.7684000Z,T|126481||151.58|100||1636121100.7684|||||||||
2021-11-05T14:05:02.0258000Z,T|126580||151.54|100||1636121102.0258|||||||||
2021-11-05T14:05:05.5880000Z,T|126752||151.52|100||1636121105.588|||||||||
2021-11-05T14:05:05.5880000Z,T|126754||151.52|100||1636121105.588|||||||||
2021-11-05T14:05:10.8297000Z,T|126993||151.52|200||1636121110.8297|||||||||
2021-11-05T14:05:10.8297000Z,T|126996||151.52|200||1636121110.8297|||||||||
2021-11-05T14:05:11.9589000Z,T|127029||151.53|4||1636121111.9589|||||||||
2021-11-05T14:05:14.8241000Z,T|127083||151.51|1||1636121114.8241|||||||||
2021-11-05T14:05:14.8241000Z,T|127091||151.51|70||1636121114.8241|||||||||
2021-11-05T14:05:15.1672000Z,T|127131||151.5|100||1636121115.1672|||||||||
2021-11-05T14:05:15.1672000Z,T|127134||151.5|30||1636121115.1672|||||||||
2021-11-05T14:05:15.1900000Z,T|127150||151.49|100||1636121115.19|||||||||
2021-11-05T14:05:15.1961000Z,T|127157||151.48|10||1636121115.1961|||||||||
2021-11-05T14:05:15.7864000Z,T|127191||151.48|6||1636121115.7864|||||||||
2021-11-05T14:05:15.7864000Z,T|127196||151.48|17||1636121115.7864|||||||||
2021-11-05T14:05:15.8158000Z,T|127217||151.49|76||1636121115.8158|||||||||
2021-11-05T14:05:16.6598000Z,T|127267||151.51|50||1636121116.6598|||||||||
2021-11-05T14:05:19.1700000Z,T|127396||151.48|100||1636121119.17|||||||||
2021-11-05T14:05:19.1700000Z,T|127398||151.49|100||1636121119.17|||||||||
2021-11-05T14:05:19.1700000Z,T|127402||151.48|51||1636121119.17|||||||||
2021-11-05T14:05:19.1700000Z,T|127404||151.48|49||1636121119.17|||||||||
2021-11-05T14:05:19.1700000Z,T|127412||151.49|51||1636121119.17|||||||||
2021-11-05T14:05:19.1700000Z,T|127415||151.49|100||1636121119.17|||||||||
2021-11-05T14:05:21.7619000Z,T|127480||151.51|12||1636121121.7619|||||||||
2021-11-05T14:05:22.5458000Z,T|127529||151.49|36||1636121122.5458|||||||||
2021-11-05T14:05:25.6753000Z,T|127604||151.47|100||1636121125.6753|||||||||
2021-11-05T14:05:26.0441000Z,T|127656||151.47|100||1636121126.0441|||||||||
2021-11-05T14:05:26.0441000Z,T|127658||151.47|100||1636121126.0441|||||||||
2021-11-05T14:05:26.0501000Z,T|127673||151.47|100||1636121126.0501|||||||||
2021-11-05T14:05:26.0501000Z,T|127675||151.47|100||1636121126.0501|||||||||
2021-11-05T14:05:26.0501000Z,T|127677||151.47|100||1636121126.0501|||||||||
2021-11-05T14:05:26.0501000Z,T|127689||151.47|2||1636121126.0501|||||||||
2021-11-05T14:05:28.1500000Z,T|127755||151.48|100||1636121128.15|||||||||
2021-11-05T14:05:28.1500000Z,T|127757||151.48|100||1636121128.15|||||||||
2021-11-05T14:05:29.4740000Z,T|127793||151.49|3||1636121129.474|||||||||
2021-11-05T14:05:31.6453000Z,T|127834||151.47|97||1636121131.6453|||||||||
2021-11-05T14:05:31.6453000Z,T|127838||151.47|3||1636121131.6453|||||||||
2021-11-05T14:05:31.6594000Z,T|127851||151.46|1||1636121131.6594|||||||||
2021-11-05T14:05:31.6594000Z,T|127853||151.46|1||1636121131.6594|||||||||
2021-11-05T14:05:32.5348000Z,T|127889||151.45|7||1636121132.5348|||||||||
2021-11-05T14:05:34.0031000Z,T|127959||151.45|100||1636121134.0031|||||||||
2021-11-05T14:05:34.0031000Z,T|127961||151.45|4||1636121134.0031|||||||||
2021-11-05T14:05:39.5300000Z,T|128132||151.48|100||1636121139.53|||||||||
2021-11-05T14:05:40.3259000Z,T|128172||151.51|88||1636121140.3259|||||||||
2021-11-05T14:05:40.3259000Z,T|128174||151.51|100||1636121140.3259|||||||||
2021-11-05T14:05:43.8103000Z,T|128294||151.51|100||1636121143.8103|||||||||
2021-11-05T14:05:44.2129000Z,T|128321||151.52|100||1636121144.2129|||||||||
2021-11-05T14:05:44.2129000Z,T|128323||151.52|100||1636121144.2129|||||||||
2021-11-05T14:05:46.8690000Z,T|128380||151.53|100||1636121146.869|||||||||
2021-11-05T14:05:46.8950000Z,T|128406||151.55|100||1636121146.895|||||||||
2021-11-05T14:05:46.8950000Z,T|128408||151.55|400||1636121146.895|||||||||
2021-11-05T14:05:48.1245000Z,T|128464||151.55|100||1636121148.1245|||||||||
2021-11-05T14:05:49.4376000Z,T|128514||151.56|100||1636121149.4376|||||||||
2021-11-05T14:05:49.4883000Z,T|128544||151.56|100||1636121149.4883|||||||||
2021-11-05T14:05:49.4883000Z,T|128545||151.56|2||1636121149.4883|||||||||
2021-11-05T14:05:50.1633000Z,T|128599||151.56|100||1636121150.1633|||||||||
2021-11-05T14:05:50.1633000Z,T|128601||151.56|100||1636121150.1633|||||||||
2021-11-05T14:05:52.5461000Z,T|128697||151.55|100||1636121152.5461|||||||||
2021-11-05T14:05:52.5461000Z,T|128701||151.55|100||1636121152.5461|||||||||
2021-11-05T14:05:54.9522000Z,T|128775||151.56|100||1636121154.9522|||||||||
2021-11-05T14:05:56.5591000Z,T|128816||151.57|100||1636121156.5591|||||||||
2021-11-05T14:05:58.2134000Z,T|128958||151.59|100||1636121158.2134|||||||||
2021-11-05T14:05:58.2189000Z,T|128964||151.595|100||1636121158.2189|||||||||
2021-11-05T14:06:00.4244000Z,T|129131||151.61|24||1636121160.4244|||||||||
2021-11-05T14:06:02.0264000Z,T|129212||151.62|40||1636121162.0264|||||||||
2021-11-05T14:06:02.9249000Z,T|129233||151.63|1||1636121162.9249|||||||||
2021-11-05T14:06:04.6686000Z,T|129309||151.62|187||1636121164.6686|||||||||
2021-11-05T14:06:08.3421000Z,T|129426||151.63|3||1636121168.3421|||||||||
2021-11-05T14:06:09.4463000Z,T|129485||151.64|8||1636121169.4463|||||||||
2021-11-05T14:06:10.0341000Z,T|129522||151.65|119||1636121170.0341|||||||||
2021-11-05T14:06:10.6223000Z,T|129562||151.64|100||1636121170.6223|||||||||
2021-11-05T14:06:13.7002000Z,T|129699||151.65|67||1636121173.7002|||||||||
2021-11-05T14:06:24.0113000Z,T|129927||151.68|182||1636121184.0113|||||||||
2021-11-05T14:06:28.5466000Z,T|130015||151.7|100||1636121188.5466|||||||||
2021-11-05T14:06:29.3641000Z,T|130052||151.71|100||1636121189.3641|||||||||
2021-11-05T14:06:32.7985000Z,T|130145||151.71|1||1636121192.7985|||||||||
2021-11-05T14:06:33.6526000Z,T|130182||151.7|100||1636121193.6526|||||||||
2021-11-05T14:06:34.8517000Z,T|130221||151.69|100||1636121194.8517|||||||||
2021-11-05T14:06:35.4469000Z,T|130237||151.69|1||1636121195.4469|||||||||
2021-11-05T14:06:37.7759000Z,T|130305||151.68|100||1636121197.7759|||||||||
2021-11-05T14:06:37.7759000Z,T|130307||151.68|100||1636121197.7759|||||||||
2021-11-05T14:06:37.7759000Z,T|130309||151.68|100||1636121197.7759|||||||||
2021-11-05T14:06:37.7759000Z,T|130315||151.68|300||1636121197.7759|||||||||
2021-11-05T14:06:39.4727000Z,T|130414||151.65|200||1636121199.4727|||||||||
2021-11-05T14:06:42.1167000Z,T|130435||151.64|100||1636121202.1167|||||||||
2021-11-05T14:06:42.1167000Z,T|130437||151.64|100||1636121202.1167|||||||||
2021-11-05T14:06:42.1167000Z,T|130452||151.64|30||1636121202.1167|||||||||
2021-11-05T14:06:42.7048000Z,T|130484||151.63|346||1636121202.7048|||||||||
2021-11-05T14:06:43.0231000Z,T|130492||151.62|4||1636121203.0231|||||||||
2021-11-05T14:06:46.9335000Z,T|130663||151.66|200||1636121206.9335|||||||||
2021-11-05T14:06:46.9440000Z,T|130693||151.67|100||1636121206.944|||||||||
2021-11-05T14:06:47.2349000Z,T|130715||151.67|100||1636121207.2349|||||||||
2021-11-05T14:06:53.2561000Z,T|130866||151.65|200||1636121213.2561|||||||||
2021-11-05T14:06:53.2798000Z,T|130879||151.64|10||1636121213.2798|||||||||
2021-11-05T14:06:58.3621000Z,T|131070||151.61|100||1636121218.3621|||||||||
2021-11-05T14:07:00.3960000Z,T|131131||151.61|2||1636121220.396|||||||||
2021-11-05T14:07:00.9788000Z,T|131143||151.61|180||1636121220.9788|||||||||
2021-11-05T14:07:01.0929000Z,T|131156||151.62|2||1636121221.0929|||||||||
2021-11-05T14:07:07.4231000Z,T|131344||151.6|224||1636121227.4231|||||||||
2021-11-05T14:07:07.4231000Z,T|131346||151.6|357||1636121227.4231|||||||||
2021-11-05T14:07:07.4231000Z,T|131348||151.6|1251||1636121227.4231|||||||||
2021-11-05T14:07:07.5797000Z,T|131390||151.62|6||1636121227.5797|||||||||
2021-11-05T14:07:07.9723000Z,T|131404||151.61|300||1636121227.9723|||||||||
2021-11-05T14:07:07.9775000Z,T|131411||151.6|100||1636121227.9775|||||||||
2021-11-05T14:07:10.3733000Z,T|131565||151.57|100||1636121230.3733|||||||||
2021-11-05T14:07:10.3733000Z,T|131567||151.57|100||1636121230.3733|||||||||
2021-11-05T14:07:11.4803000Z,T|131646||151.56|100||1636121231.4803|||||||||
2021-11-05T14:07:11.4803000Z,T|131648||151.56|100||1636121231.4803|||||||||
2021-11-05T14:07:11.4803000Z,T|131650||151.56|200||1636121231.4803|||||||||
2021-11-05T14:07:11.6528000Z,T|131664||151.57|53||1636121231.6528|||||||||
2021-11-05T14:07:11.6619000Z,T|131666||151.57|31||1636121231.6619|||||||||
2021-11-05T14:07:11.6769000Z,T|131668||151.57|16||1636121231.6769|||||||||
2021-11-05T14:07:11.6769000Z,T|131670||151.57|36||1636121231.6769|||||||||
2021-11-05T14:07:11.6997000Z,T|131675||151.57|3||1636121231.6997|||||||||
2021-11-05T14:07:12.1459000Z,T|131703||151.57|50||1636121232.1459|||||||||
2021-11-05T14:07:13.9013000Z,T|131805||151.58|5||1636121233.9013|||||||||
2021-11-05T14:07:22.4688000Z,T|132119||151.57|56||1636121242.4688|||||||||
2021-11-05T14:07:22.4688000Z,T|132121||151.57|44||1636121242.4688|||||||||
2021-11-05T14:07:23.3079000Z,T|132185||151.58|100||1636121243.3079|||||||||
2021-11-05T14:07:23.9863000Z,T|132233||151.58|100||1636121243.9863|||||||||
2021-11-05T14:07:23.9863000Z,T|132235||151.58|100||1636121243.9863|||||||||
2021-11-05T14:07:23.9863000Z,T|132237||151.58|100||1636121243.9863|||||||||
2021-11-05T14:07:23.9863000Z,T|132249||151.59|100||1636121243.9863|||||||||
2021-11-05T14:07:25.4824000Z,T|132274||151.6|7||1636121245.4824|||||||||
2021-11-05T14:07:26.1547000Z,T|132316||151.61|100||1636121246.1547|||||||||
2021-11-05T14:07:26.1547000Z,T|132318||151.61|100||1636121246.1547|||||||||
2021-11-05T14:07:27.5974000Z,T|132375||151.63|1||1636121247.5974|||||||||
2021-11-05T14:07:27.8222000Z,T|132382||151.61|39||1636121247.8222|||||||||
2021-11-05T14:07:27.8222000Z,T|132388||151.62|100||1636121247.8222|||||||||
2021-11-05T14:07:27.8222000Z,T|132397||151.62|100||1636121247.8222|||||||||
2021-11-05T14:07:27.8222000Z,T|132402||151.62|1||1636121247.8222|||||||||
2021-11-05T14:07:34.9752000Z,T|132632||151.61|100||1636121254.9752|||||||||
2021-11-05T14:07:35.2772000Z,T|132651||151.6|100||1636121255.2772|||||||||
2021-11-05T14:07:37.1339000Z,T|132718||151.59|21||1636121257.1339|||||||||
2021-11-05T14:07:39.1499000Z,T|132767||151.6|1||1636121259.1499|||||||||
2021-11-05T14:07:39.1499000Z,T|132776||151.6|100||1636121259.1499|||||||||
2021-11-05T14:07:40.1623000Z,T|132805||151.6|100||1636121260.1623|||||||||
2021-11-05T14:07:40.1685000Z,T|132814||151.6|100||1636121260.1685|||||||||
2021-11-05T14:07:40.7911000Z,T|132850||151.59|100||1636121260.7911|||||||||
2021-11-05T14:07:41.1199000Z,T|132867||151.59|1||1636121261.1199|||||||||
2021-11-05T14:07:45.2237000Z,T|132952||151.6|100||1636121265.2237|||||||||
2021-11-05T14:07:47.4767000Z,T|133029||151.59|1||1636121267.4767|||||||||
2021-11-05T14:07:47.4832000Z,T|133035||151.595|60||1636121267.4832|||||||||
2021-11-05T14:07:47.4832000Z,T|133037||151.6|100||1636121267.4832|||||||||
2021-11-05T14:07:47.4832000Z,T|133039||151.6|100||1636121267.4832|||||||||
2021-11-05T14:07:47.5893000Z,T|133084||151.59|100||1636121267.5893|||||||||
2021-11-05T14:07:47.6179000Z,T|133126||151.59|100||1636121267.6179|||||||||
2021-11-05T14:07:47.6405000Z,T|133154||151.58|100||1636121267.6405|||||||||
2021-11-05T14:07:47.8640000Z,T|133198||151.57|100||1636121267.864|||||||||
2021-11-05T14:07:49.4994000Z,T|133261||151.57|23||1636121269.4994|||||||||
2021-11-05T14:07:53.3071000Z,T|133383||151.55|7||1636121273.3071|||||||||
2021-11-05T14:07:53.8961000Z,T|133400||151.55|100||1636121273.8961|||||||||
2021-11-05T14:07:53.8961000Z,T|133402||151.55|493||1636121273.8961|||||||||
2021-11-05T14:07:54.0429000Z,T|133433||151.55|6||1636121274.0429|||||||||
2021-11-05T14:07:54.4500000Z,T|133472||151.55|100||1636121274.45|||||||||
2021-11-05T14:07:54.4500000Z,T|133474||151.55|100||1636121274.45|||||||||
2021-11-05T14:07:54.8018000Z,T|133503||151.55|100||1636121274.8018|||||||||
2021-11-05T14:07:57.0179000Z,T|133592||151.56|14||1636121277.0179|||||||||
2021-11-05T14:07:57.1190000Z,T|133615||151.56|2||1636121277.119|||||||||
2021-11-05T14:07:57.1190000Z,T|133624||151.55|61||1636121277.119|||||||||
2021-11-05T14:07:57.1575000Z,T|133651||151.54|61||1636121277.1575|||||||||
2021-11-05T14:07:57.7283000Z,T|133692||151.53|100||1636121277.7283|||||||||
2021-11-05T14:07:58.0922000Z,T|133696||151.53|4||1636121278.0922|||||||||
2021-11-05T14:07:58.0922000Z,T|133698||151.53|100||1636121278.0922|||||||||
2021-11-05T14:07:58.0922000Z,T|133700||151.53|100||1636121278.0922|||||||||
2021-11-05T14:07:58.5124000Z,T|133721||151.52|1||1636121278.5124|||||||||
2021-11-05T14:07:58.5124000Z,T|133729||151.51|5||1636121278.5124|||||||||
2021-11-05T14:07:58.5178000Z,T|133731||151.51|95||1636121278.5178|||||||||
2021-11-05T14:07:58.5291000Z,T|133736||151.52|19||1636121278.5291|||||||||
2021-11-05T14:07:59.8484000Z,T|133814||151.51|100||1636121279.8484|||||||||
2021-11-05T14:07:59.8484000Z,T|133816||151.51|2||1636121279.8484|||||||||
2021-11-05T14:08:01.0100000Z,T|133873||151.53|100||1636121281.01|||||||||
2021-11-05T14:08:01.0100000Z,T|133875||151.53|9||1636121281.01|||||||||
2021-11-05T14:08:01.0152000Z,T|133882||151.53|17||1636121281.0152|||||||||
2021-11-05T14:08:05.3893000Z,T|134072||151.54|2||1636121285.3893|||||||||
2021-11-05T14:08:05.3893000Z,T|134076||151.54|3||1636121285.3893|||||||||
2021-11-05T14:08:08.8068000Z,T|134153||151.52|200||1636121288.8068|||||||||
2021-11-05T14:08:09.8308000Z,T|134207||151.5|1||1636121289.8308|||||||||
2021-11-05T14:08:09.8308000Z,T|134209||151.5|2||1636121289.8308|||||||||
2021-11-05T14:08:09.8308000Z,T|134211||151.5|7||1636121289.8308|||||||||
2021-11-05T14:08:09.8308000Z,T|134214||151.5|93||1636121289.8308|||||||||
2021-11-05T14:08:10.9913000Z,T|134305||151.47|100||1636121290.9913|||||||||
2021-11-05T14:08:11.0804000Z,T|134347||151.47|1||1636121291.0804|||||||||
2021-11-05T14:08:11.0804000Z,T|134351||151.47|99||1636121291.0804|||||||||
2021-11-05T14:08:12.6874000Z,T|134506||151.47|84||1636121292.6874|||||||||
2021-11-05T14:08:13.5247000Z,T|134540||151.47|100||1636121293.5247|||||||||
2021-11-05T14:08:13.5247000Z,T|134542||151.47|100||1636121293.5247|||||||||
2021-11-05T14:08:13.5247000Z,T|134544||151.47|100||1636121293.5247|||||||||
2021-11-05T14:08:13.5247000Z,T|134545||151.47|2||1636121293.5247|||||||||
2021-11-05T14:08:16.7622000Z,T|134655||151.46|100||1636121296.7622|||||||||
2021-11-05T14:08:17.2725000Z,T|134673||151.47|43||1636121297.2725|||||||||
2021-11-05T14:08:17.7344000Z,T|134678||151.47|100||1636121297.7344|||||||||
2021-11-05T14:08:19.9552000Z,T|134753||151.46|100||1636121299.9552|||||||||
2021-11-05T14:08:25.2591000Z,T|134951||151.46|2||1636121305.2591|||||||||
2021-11-05T14:08:25.3355000Z,T|134953||151.45|100||1636121305.3355|||||||||
2021-11-05T14:08:25.3529000Z,T|134976||151.44|123||1636121305.3529|||||||||
2021-11-05T14:08:25.3529000Z,T|134978||151.44|9||1636121305.3529|||||||||
2021-11-05T14:08:25.3529000Z,T|134984||151.44|50||1636121305.3529|||||||||
2021-11-05T14:08:25.3529000Z,T|134985||151.44|152||1636121305.3529|||||||||
2021-11-05T14:08:26.3887000Z,T|135041||151.43|100||1636121306.3887|||||||||
2021-11-05T14:08:30.3406000Z,T|135206||151.42|100||1636121310.3406|||||||||
2021-11-05T14:08:30.3406000Z,T|135208||151.42|100||1636121310.3406|||||||||
2021-11-05T14:08:30.3481000Z,T|135226||151.42|100||1636121310.3481|||||||||
2021-11-05T14:08:30.3541000Z,T|135241||151.41|100||1636121310.3541|||||||||
2021-11-05T14:08:30.3541000Z,T|135243||151.41|100||1636121310.3541|||||||||
2021-11-05T14:08:30.3603000Z,T|135265||151.4|100||1636121310.3603|||||||||
2021-11-05T14:08:30.3603000Z,T|135279||151.4|100||1636121310.3603|||||||||
2021-11-05T14:08:31.5663000Z,T|135355||151.4|51||1636121311.5663|||||||||
2021-11-05T14:08:31.9256000Z,T|135370||151.39|100||1636121311.9256|||||||||
2021-11-05T14:08:31.9256000Z,T|135374||151.39|39||1636121311.9256|||||||||
2021-11-05T14:08:31.9256000Z,T|135376||151.395|100||1636121311.9256|||||||||
2021-11-05T14:08:31.9256000Z,T|135378||151.4|300||1636121311.9256|||||||||
2021-11-05T14:08:31.9256000Z,T|135389||151.4|29||1636121311.9256|||||||||
2021-11-05T14:08:33.2698000Z,T|135463||151.4|2||1636121313.2698|||||||||
2021-11-05T14:08:33.2698000Z,T|135465||151.4|100||1636121313.2698|||||||||
2021-11-05T14:08:33.2698000Z,T|135467||151.4|100||1636121313.2698|||||||||
2021-11-05T14:08:38.0259000Z,T|135702||151.38|100||1636121318.0259|||||||||
2021-11-05T14:08:38.7768000Z,T|135766||151.38|100||1636121318.7768|||||||||
2021-11-05T14:08:40.6643000Z,T|135844||151.38|27||1636121320.6643|||||||||
2021-11-05T14:08:41.2060000Z,T|135873||151.38|100||1636121321.206|||||||||
2021-11-05T14:08:41.2060000Z,T|135885||151.38|100||1636121321.206|||||||||
2021-11-05T14:08:41.2060000Z,T|135887||151.38|100||1636121321.206|||||||||
2021-11-05T14:08:45.5102000Z,T|135990||151.365|100||1636121325.5102|||||||||
2021-11-05T14:08:45.5102000Z,T|135991||151.365|100||1636121325.5102|||||||||
2021-11-05T14:08:45.8378000Z,T|135998||151.37|100||1636121325.8378|||||||||
2021-11-05T14:08:47.5071000Z,T|136053||151.38|3||1636121327.5071|||||||||
2021-11-05T14:08:47.5071000Z,T|136061||151.39|93||1636121327.5071|||||||||
2021-11-05T14:08:47.5071000Z,T|136063||151.39|9||1636121327.5071|||||||||
2021-11-05T14:08:47.8189000Z,T|136095||151.4|1||1636121327.8189|||||||||
2021-11-05T14:08:48.2068000Z,T|136152||151.41|100||1636121328.2068|||||||||
2021-11-05T14:08:48.2068000Z,T|136154||151.41|100||1636121328.2068|||||||||
2021-11-05T14:08:48.2068000Z,T|136156||151.41|100||1636121328.2068|||||||||
2021-11-05T14:08:48.2068000Z,T|136158||151.41|100||1636121328.2068|||||||||
2021-11-05T14:08:50.6269000Z,T|136223||151.41|7||1636121330.6269|||||||||
2021-11-05T14:08:50.9817000Z,T|136247||151.41|50||1636121330.9817|||||||||
2021-11-05T14:08:53.9677000Z,T|136313||151.42|100||1636121333.9677|||||||||
2021-11-05T14:08:54.8776000Z,T|136368||151.42|100||1636121334.8776|||||||||
2021-11-05T14:08:54.8776000Z,T|136370||151.42|100||1636121334.8776|||||||||
2021-11-05T14:08:54.8776000Z,T|136372||151.42|100||1636121334.8776|||||||||
2021-11-05T14:08:56.3744000Z,T|136446||151.44|100||1636121336.3744|||||||||
2021-11-05T14:08:56.3744000Z,T|136448||151.44|100||1636121336.3744|||||||||
2021-11-05T14:08:57.6426000Z,T|136483||151.43|100||1636121337.6426|||||||||
2021-11-05T14:08:58.2087000Z,T|136498||151.42|300||1636121338.2087|||||||||
2021-11-05T14:08:58.2087000Z,T|136500||151.42|74||1636121338.2087|||||||||
2021-11-05T14:08:58.2087000Z,T|136502||151.42|126||1636121338.2087|||||||||
2021-11-05T14:08:58.2087000Z,T|136504||151.42|100||1636121338.2087|||||||||
2021-11-05T14:08:58.2198000Z,T|136533||151.42|100||1636121338.2198|||||||||
2021-11-05T14:08:58.2198000Z,T|136535||151.42|600||1636121338.2198|||||||||
2021-11-05T14:08:58.2198000Z,T|136537||151.42|100||1636121338.2198|||||||||
2021-11-05T14:08:58.7042000Z,T|136591||151.42|100||1636121338.7042|||||||||
2021-11-05T14:08:58.7102000Z,T|136603||151.42|100||1636121338.7102|||||||||
2021-11-05T14:08:58.7102000Z,T|136605||151.42|100||1636121338.7102|||||||||
2021-11-05T14:08:58.7846000Z,T|136630||151.42|100||1636121338.7846|||||||||
2021-11-05T14:08:58.7962000Z,T|136642||151.42|100||1636121338.7962|||||||||
2021-11-05T14:08:58.7962000Z,T|136648||151.42|100||1636121338.7962|||||||||
2021-11-05T14:08:59.4978000Z,T|136728||151.42|100||1636121339.4978|||||||||
2021-11-05T14:08:59.4978000Z,T|136743||151.42|100||1636121339.4978|||||||||
2021-11-05T14:08:59.4978000Z,T|136745||151.42|100||1636121339.4978|||||||||
2021-11-05T14:08:59.4978000Z,T|136747||151.42|100||1636121339.4978|||||||||
2021-11-05T14:08:59.8023000Z,T|136776||151.41|100||1636121339.8023|||||||||
2021-11-05T14:08:59.9452000Z,T|136800||151.4|100||1636121339.9452|||||||||
2021-11-05T14:08:59.9452000Z,T|136802||151.4|100||1636121339.9452|||||||||
2021-11-05T14:09:02.4920000Z,T|136894||151.41|100||1636121342.492|||||||||
2021-11-05T14:09:02.6697000Z,T|136916||151.41|100||1636121342.6697|||||||||
2021-11-05T14:09:02.6805000Z,T|136926||151.4|100||1636121342.6805|||||||||
2021-11-05T14:09:02.7976000Z,T|136950||151.39|100||1636121342.7976|||||||||
2021-11-05T14:09:03.9305000Z,T|137014||151.38|10||1636121343.9305|||||||||
2021-11-05T14:09:03.9736000Z,T|137022||151.38|7||1636121343.9736|||||||||
2021-11-05T14:09:04.1340000Z,T|137034||151.37|2||1636121344.134|||||||||
2021-11-05T14:09:04.1340000Z,T|137036||151.37|100||1636121344.134|||||||||
2021-11-05T14:09:04.1340000Z,T|137038||151.37|98||1636121344.134|||||||||
2021-11-05T14:09:04.6556000Z,T|137068||151.38|100||1636121344.6556|||||||||
2021-11-05T14:09:04.6556000Z,T|137070||151.38|100||1636121344.6556|||||||||
2021-11-05T14:09:06.8757000Z,T|137216||151.39|100||1636121346.8757|||||||||
2021-11-05T14:09:06.8757000Z,T|137218||151.39|100||1636121346.8757|||||||||
2021-11-05T14:09:06.8812000Z,T|137234||151.39|100||1636121346.8812|||||||||
2021-11-05T14:09:06.8812000Z,T|137236||151.39|100||1636121346.8812|||||||||
2021-11-05T14:09:06.8812000Z,T|137238||151.39|2||1636121346.8812|||||||||
2021-11-05T14:09:06.8812000Z,T|137242||151.39|100||1636121346.8812|||||||||
2021-11-05T14:09:06.8812000Z,T|137245||151.39|4||1636121346.8812|||||||||
2021-11-05T14:09:06.8812000Z,T|137257||151.39|100||1636121346.8812|||||||||
2021-11-05T14:09:07.5029000Z,T|137297||151.38|2||1636121347.5029|||||||||
2021-11-05T14:09:09.4394000Z,T|137408||151.39|25||1636121349.4394|||||||||
2021-11-05T14:09:09.4447000Z,T|137418||151.38|25||1636121349.4447|||||||||
2021-11-05T14:09:10.6563000Z,T|137511||151.4|100||1636121350.6563|||||||||
2021-11-05T14:09:10.7879000Z,T|137537||151.4|100||1636121350.7879|||||||||
2021-11-05T14:09:11.6771000Z,T|137568||151.4|100||1636121351.6771|||||||||
2021-11-05T14:09:12.5397000Z,T|137613||151.37|100||1636121352.5397|||||||||
2021-11-05T14:09:12.5397000Z,T|137615||151.37|4||1636121352.5397|||||||||
2021-11-05T14:09:12.5397000Z,T|137617||151.37|79||1636121352.5397|||||||||
2021-11-05T14:09:13.8402000Z,T|137664||151.36|300||1636121353.8402|||||||||
2021-11-05T14:09:13.8402000Z,T|137665||151.36|200||1636121353.8402|||||||||
2021-11-05T14:09:14.7820000Z,T|137710||151.38|64||1636121354.782|||||||||
2021-11-05T14:09:15.9604000Z,T|137728||151.37|17||1636121355.9604|||||||||
2021-11-05T14:09:16.2718000Z,T|137757||151.37|75||1636121356.2718|||||||||
2021-11-05T14:09:16.2942000Z,T|137767||151.37|100||1636121356.2942|||||||||
2021-11-05T14:09:16.2942000Z,T|137769||151.37|100||1636121356.2942|||||||||
2021-11-05T14:09:16.2942000Z,T|137771||151.37|100||1636121356.2942|||||||||
2021-11-05T14:09:16.5053000Z,T|137791||151.38|100||1636121356.5053|||||||||
2021-11-05T14:09:16.5053000Z,T|137809||151.38|100||1636121356.5053|||||||||
2021-11-05T14:09:16.5053000Z,T|137811||151.38|100||1636121356.5053|||||||||
2021-11-05T14:09:17.1073000Z,T|137853||151.38|100||1636121357.1073|||||||||
2021-11-05T14:09:17.5350000Z,T|137885||151.39|90||1636121357.535|||||||||
2021-11-05T14:09:17.5350000Z,T|137887||151.39|10||1636121357.535|||||||||
2021-11-05T14:09:17.7441000Z,T|137907||151.39|36||1636121357.7441|||||||||
2021-11-05T14:09:22.4543000Z,T|138132||151.38|53||1636121362.4543|||||||||
2021-11-05T14:09:22.4543000Z,T|138134||151.38|44||1636121362.4543|||||||||
2021-11-05T14:09:22.4543000Z,T|138136||151.38|39||1636121362.4543|||||||||
2021-11-05T14:09:22.4543000Z,T|138138||151.38|12||1636121362.4543|||||||||
2021-11-05T14:09:25.4748000Z,T|138246||151.39|100||1636121365.4748|||||||||
2021-11-05T14:09:26.2960000Z,T|138298||151.41|3||1636121366.296|||||||||
2021-11-05T14:09:31.3335000Z,T|138531||151.4|100||1636121371.3335|||||||||
2021-11-05T14:09:35.7786000Z,T|138593||151.39|51||1636121375.7786|||||||||
2021-11-05T14:09:35.9597000Z,T|138624||151.39|100||1636121375.9597|||||||||
2021-11-05T14:09:38.5369000Z,T|138753||151.39|100||1636121378.5369|||||||||
2021-11-05T14:09:41.0160000Z,T|138804||151.39|100||1636121381.016|||||||||
2021-11-05T14:09:41.0213000Z,T|138816||151.39|54||1636121381.0213|||||||||
2021-11-05T14:09:41.0213000Z,T|138820||151.39|24||1636121381.0213|||||||||
2021-11-05T14:09:41.0213000Z,T|138822||151.39|18||1636121381.0213|||||||||
2021-11-05T14:09:41.0275000Z,T|138824||151.39|6||1636121381.0275|||||||||
2021-11-05T14:09:41.2714000Z,T|138840||151.38|100||1636121381.2714|||||||||
2021-11-05T14:09:41.2714000Z,T|138842||151.38|4||1636121381.2714|||||||||
2021-11-05T14:09:41.8096000Z,T|138866||151.38|96||1636121381.8096|||||||||
2021-11-05T14:09:41.9147000Z,T|138890||151.37|100||1636121381.9147|||||||||
2021-11-05T14:09:42.6029000Z,T|138935||151.35|100||1636121382.6029|||||||||
2021-11-05T14:09:42.6029000Z,T|138939||151.34|300||1636121382.6029|||||||||
2021-11-05T14:09:44.9018000Z,T|139100||151.33|100||1636121384.9018|||||||||
2021-11-05T14:09:45.0226000Z,T|139122||151.32|10||1636121385.0226|||||||||
2021-11-05T14:09:45.4392000Z,T|139168||151.32|100||1636121385.4392|||||||||
2021-11-05T14:09:45.4456000Z,T|139178||151.32|100||1636121385.4456|||||||||
2021-11-05T14:09:45.4456000Z,T|139180||151.32|100||1636121385.4456|||||||||
2021-11-05T14:09:45.6580000Z,T|139205||151.32|15||1636121385.658|||||||||
2021-11-05T14:09:50.1613000Z,T|139384||151.36|100||1636121390.1613|||||||||
2021-11-05T14:09:50.1613000Z,T|139386||151.36|100||1636121390.1613|||||||||
2021-11-05T14:09:50.1613000Z,T|139387||151.36|13||1636121390.1613|||||||||
2021-11-05T14:09:51.8960000Z,T|139483||151.37|2||1636121391.896|||||||||
2021-11-05T14:09:54.9275000Z,T|139672||151.37|100||1636121394.9275|||||||||
2021-11-05T14:09:55.3315000Z,T|139701||151.38|5||1636121395.3315|||||||||
2021-11-05T14:09:55.6729000Z,T|139746||151.38|24||1636121395.6729|||||||||
2021-11-05T14:09:56.5826000Z,T|139781||151.38|100||1636121396.5826|||||||||
2021-11-05T14:09:59.5762000Z,T|139885||151.38|100||1636121399.5762|||||||||
